CO;DF;BRASILIA;ABRITTA POSTOS DE SERVIÇOS LTDA;1,07E+13;DIESEL;16/01/2019;3,799;3,2166;R$ / litro;RAIZEN
CO;DF;BRASILIA;ABRITTA POSTOS DE SERVIÇOS LTDA;1,07E+13;DIESEL;16/01/2019;3,799;3,2166;R$ / litro;RAIZEN
CO;DF;BRASILIA;ABRITTA POSTOS DE SERVIÇOS LTDA;1,07E+13;DIESEL;23/01/2019;3,799;;R$ / litro;RAIZEN
CO;DF;BRASILIA;ABRITTA POSTOS DE SERVIÇOS LTDA;1,07E+13;DIESEL S10;16/01/2019;3,899;3,2638;R$ / litro;RAIZEN
CO;DF;BRASILIA;ABRITTA POSTOS DE SERVIÇOS LTDA;1,07E+13;DIESEL S10;23/01/2019;3,899;;R$ / litro;RAIZEN
CO;DF;BRASILIA;ABRITTA POSTOS DE SERVIÇOS LTDA;1,07E+13;ETANOL;16/01/2019;3,299;2,9999;R$ / litro;RAIZEN
CO;DF;BRASILIA;ABRITTA POSTOS DE SERVIÇOS LTDA;1,07E+13;ETANOL;23/01/2019;3,299;2,9999;R$ / litro;RAIZEN
CO;DF;BRASILIA;ABRITTA POSTOS DE SERVIÇOS LTDA;1,07E+13;GASOLINA;16/01/2019;4,299;3,6745;R$ / litro;RAIZEN
CO;DF;BRASILIA;ABRITTA POSTOS DE SERVIÇOS LTDA;1,07E+13;GASOLINA;23/01/2019;4,299;3,6745;R$ / litro;RAIZEN
CO;DF;BRASILIA;AGUAS CLARAS POSTO DE SERVICOS LTDA;6,01E+12;DIESEL;16/01/2019;3,799;3;R$ / litro;BRANCA
CO;DF;BRASILIA;AGUAS CLARAS POSTO DE SERVICOS LTDA;6,01E+12;DIESEL;23/01/2019;3,799;3;R$ / litro;BRANCA
CO;DF;BRASILIA;AGUAS CLARAS POSTO DE SERVICOS LTDA;6,01E+12;DIESEL S10;16/01/2019;3,899;3,12;R$ / litro;BRANCA
CO;DF;BRASILIA;AGUAS CLARAS POSTO DE SERVICOS LTDA;6,01E+12;DIESEL S10;23/01/2019;3,899;3,12;R$ / litro;BRANCA
CO;DF;BRASILIA;AGUAS CLARAS POSTO DE SERVICOS LTDA;6,01E+12;ETANOL;16/01/2019;3,195;2,84;R$ / litro;BRANCA
CO;DF;BRASILIA;AGUAS CLARAS POSTO DE SERVICOS LTDA;6,01E+12;ETANOL;23/01/2019;3,195;2,84;R$ / litro;BRANCA
CO;DF;BRASILIA;AGUAS CLARAS POSTO DE SERVICOS LTDA;6,01E+12;GASOLINA;16/01/2019;4,197;3,61;R$ / litro;BRANCA
CO;DF;BRASILIA;AGUAS CLARAS POSTO DE SERVICOS LTDA;6,01E+12;GASOLINA;23/01/2019;4,197;3,61;R$ / litro;BRANCA
CO;DF;BRASILIA;AM COMERCIAL DE COMBUSTIVEIS LTDA;8,22E+12;DIESEL S10;08/01/2019;3,767;;R$ / litro;PETROBRAS DISTRIBUIDORA S.A.
CO;DF;BRASILIA;AM COMERCIAL DE COMBUSTIVEIS LTDA;8,22E+12;DIESEL S10;11/02/2019;3,76;;R$ / litro;PETROBRAS DISTRIBUIDORA S.A.
CO;DF;BRASILIA;AM COMERCIAL DE COMBUSTIVEIS LTDA;8,22E+12;DIESEL S10;23/01/2019;3,767;3,2434;R$ / litro;PETROBRAS DISTRIBUIDORA S.A.
CO;DF;BRASILIA;AM COMERCIAL DE COMBUSTIVEIS LTDA;8,22E+12;ETANOL;08/01/2019;3,197;2,8741;R$ / litro;PETROBRAS DISTRIBUIDORA S.A.
CO;DF;BRASILIA;AM COMERCIAL DE COMBUSTIVEIS LTDA;8,22E+12;ETANOL;11/02/2019;2,997;;R$ / litro;PETROBRAS DISTRIBUIDORA S.A.
CO;DF;BRASILIA;AM COMERCIAL DE COMBUSTIVEIS LTDA;8,22E+12;ETANOL;23/01/2019;3,197;2,9416;R$ / litro;PETROBRAS DISTRIBUIDORA S.A.
CO;DF;BRASILIA;AM COMERCIAL DE COMBUSTIVEIS LTDA;8,22E+12;GASOLINA;08/01/2019;4,187;3,735;R$ / litro;PETROBRAS DISTRIBUIDORA S.A.
CO;DF;BRASILIA;AM COMERCIAL DE COMBUSTIVEIS LTDA;8,22E+12;GASOLINA;11/02/2019;3,987;3,6588;R$ / litro;PETROBRAS DISTRIBUIDORA S.A.
CO;DF;BRASILIA;AM COMERCIAL DE COMBUSTIVEIS LTDA;8,22E+12;GASOLINA;23/01/2019;4,197;3,7665;R$ / litro;PETROBRAS DISTRIBUIDORA S.A.
CO;DF;BRASILIA;AMORIM COMERCIO DE DERIVADOS DE PETROLEO LTDA;3,80E+13;GASOLINA;02/01/2019;4,499;;R$ / litro;IPIRANGA
CO;DF;BRASILIA;AMORIM COMERCIO DE DERIVADOS DE PETROLEO LTDA;3,80E+13;GASOLINA;29/01/2019;3,999;;R$ / litro;IPIRANGA
CO;DF;BRASILIA;AUTO EIXO 208 NORTE LTDA.;7,74E+12;ETANOL;20/02/2019;2,99;;R$ / litro;PETROBRAS DISTRIBUIDORA S.A.
CO;DF;BRASILIA;AUTO EIXO 208 NORTE LTDA.;7,74E+12;GASOLINA;20/02/2019;3,859;;R$ / litro;PETROBRAS DISTRIBUIDORA S.A.
CO;DF;BRASILIA;AUTO POSTO 109 NORTE LTDA.;5,85E+12;DIESEL S10;08/01/2019;3,809;;R$ / litro;RAIZEN
CO;DF;BRASILIA;AUTO POSTO 109 NORTE LTDA.;5,85E+12;DIESEL S10;11/02/2019;3,69;3,27;R$ / litro;RAIZEN
CO;DF;BRASILIA;AUTO POSTO 109 NORTE LTDA.;5,85E+12;DIESEL S10;23/01/2019;3,809;;R$ / litro;RAIZEN
CO;DF;BRASILIA;AUTO POSTO 109 NORTE LTDA.;5,85E+12;ETANOL;08/01/2019;3,219;;R$ / litro;RAIZEN
CO;DF;BRASILIA;AUTO POSTO 109 NORTE LTDA.;5,85E+12;ETANOL;11/02/2019;3,099;2,8712;R$ / litro;RAIZEN
CO;DF;BRASILIA;AUTO POSTO 109 NORTE LTDA.;5,85E+12;ETANOL;23/01/2019;3,169;;R$ / litro;RAIZEN
CO;DF;BRASILIA;AUTO POSTO 109 NORTE LTDA.;5,85E+12;GASOLINA;08/01/2019;3,789;;R$ / litro;RAIZEN
CO;DF;BRASILIA;AUTO POSTO 109 NORTE LTDA.;5,85E+12;GASOLINA;11/02/2019;4,189;3,579;R$ / litro;RAIZEN
CO;DF;BRASILIA;AUTO POSTO 109 NORTE LTDA.;5,85E+12;GASOLINA;23/01/2019;4,159;;R$ / litro;RAIZEN
CO;DF;BRASILIA;AUTO POSTO 306 NORTE LTDA;2,24E+13;ETANOL;05/03/2019;3,19;;R$ / litro;RAIZEN
CO;DF;BRASILIA;AUTO POSTO 306 NORTE LTDA;2,24E+13;ETANOL;05/06/2019;3,189;2,9313;R$ / litro;RAIZEN
CO;DF;BRASILIA;AUTO POSTO 306 NORTE LTDA;2,24E+13;ETANOL;08/05/2019;3,399;;R$ / litro;RAIZEN
CO;DF;BRASILIA;AUTO POSTO 306 NORTE LTDA;2,24E+13;ETANOL;11/04/2019;3,189;;R$ / litro;RAIZEN
CO;DF;BRASILIA;AUTO POSTO 306 NORTE LTDA;2,24E+13;ETANOL;13/03/2019;3,39;;R$ / litro;RAIZEN
CO;DF;BRASILIA;AUTO POSTO 306 NORTE LTDA;2,24E+13;ETANOL;14/05/2019;3,389;;R$ / litro;RAIZEN
CO;DF;BRASILIA;AUTO POSTO 306 NORTE LTDA;2,24E+13;ETANOL;18/06/2019;3,189;2,7718;R$ / litro;RAIZEN
CO;DF;BRASILIA;AUTO POSTO 306 NORTE LTDA;2,24E+13;ETANOL;25/03/2019;3,289;;R$ / litro;RAIZEN
CO;DF;BRASILIA;AUTO POSTO 306 NORTE LTDA;2,24E+13;ETANOL;25/04/2019;3,359;;R$ / litro;RAIZEN
CO;DF;BRASILIA;AUTO POSTO 306 NORTE LTDA;2,24E+13;ETANOL;25/06/2019;3,099;2,8162;R$ / litro;RAIZEN
CO;DF;BRASILIA;AUTO POSTO 306 NORTE LTDA;2,24E+13;ETANOL;26/02/2019;3,19;;R$ / litro;RAIZEN
CO;DF;BRASILIA;AUTO POSTO 306 NORTE LTDA;2,24E+13;ETANOL;28/05/2019;3,149;;R$ / litro;RAIZEN
CO;DF;BRASILIA;AUTO POSTO 306 NORTE LTDA;2,24E+13;ETANOL;29/01/2019;3,07;;R$ / litro;RAIZEN
CO;DF;BRASILIA;AUTO POSTO 306 NORTE LTDA;2,24E+13;GASOLINA;05/03/2019;4,19;;R$ / litro;RAIZEN
CO;DF;BRASILIA;AUTO POSTO 306 NORTE LTDA;2,24E+13;GASOLINA;05/06/2019;4,399;3,966;R$ / litro;RAIZEN
CO;DF;BRASILIA;AUTO POSTO 306 NORTE LTDA;2,24E+13;GASOLINA;08/05/2019;4,449;;R$ / litro;RAIZEN
CO;DF;BRASILIA;AUTO POSTO 306 NORTE LTDA;2,24E+13;GASOLINA;11/04/2019;4,359;;R$ / litro;RAIZEN
CO;DF;BRASILIA;AUTO POSTO 306 NORTE LTDA;2,24E+13;GASOLINA;13/03/2019;4,37;;R$ / litro;RAIZEN
CO;DF;BRASILIA;AUTO POSTO 306 NORTE LTDA;2,24E+13;GASOLINA;14/05/2019;4,469;;R$ / litro;RAIZEN
CO;DF;BRASILIA;AUTO POSTO 306 NORTE LTDA;2,24E+13;GASOLINA;18/06/2019;3,989;3,879;R$ / litro;RAIZEN
CO;DF;BRASILIA;AUTO POSTO 306 NORTE LTDA;2,24E+13;GASOLINA;25/03/2019;4,289;;R$ / litro;RAIZEN
CO;DF;BRASILIA;AUTO POSTO 306 NORTE LTDA;2,24E+13;GASOLINA;25/04/2019;4,399;;R$ / litro;RAIZEN
CO;DF;BRASILIA;AUTO POSTO 306 NORTE LTDA;2,24E+13;GASOLINA;25/06/2019;4,349;3,8577;R$ / litro;RAIZEN
CO;DF;BRASILIA;AUTO POSTO 306 NORTE LTDA;2,24E+13;GASOLINA;26/02/2019;4,19;;R$ / litro;RAIZEN
CO;DF;BRASILIA;AUTO POSTO 306 NORTE LTDA;2,24E+13;GASOLINA;28/05/2019;4,599;;R$ / litro;RAIZEN
CO;DF;BRASILIA;AUTO POSTO 306 NORTE LTDA;2,24E+13;GASOLINA;29/01/2019;3,98;;R$ / litro;RAIZEN
CO;DF;BRASILIA;AUTO POSTO 314 NORTE LTDA - ME;3,53E+12;ETANOL;11/02/2019;3,199;;R$ / litro;PETROBRAS DISTRIBUIDORA S.A.
CO;DF;BRASILIA;AUTO POSTO 314 NORTE LTDA - ME;3,53E+12;GASOLINA;11/02/2019;4,159;3,6371;R$ / litro;PETROBRAS DISTRIBUIDORA S.A.
CO;DF;BRASILIA;AUTO POSTO AGUAS CLARAS LTDA;3,81E+13;DIESEL;13/03/2019;3,59;;R$ / litro;IPIRANGA
CO;DF;BRASILIA;AUTO POSTO AGUAS CLARAS LTDA;3,81E+13;DIESEL;25/03/2019;3,59;;R$ / litro;IPIRANGA
CO;DF;BRASILIA;AUTO POSTO AGUAS CLARAS LTDA;3,81E+13;DIESEL;26/02/2019;3,59;;R$ / litro;IPIRANGA
CO;DF;BRASILIA;AUTO POSTO AGUAS CLARAS LTDA;3,81E+13;DIESEL S10;13/03/2019;3,69;;R$ / litro;IPIRANGA
CO;DF;BRASILIA;AUTO POSTO AGUAS CLARAS LTDA;3,81E+13;DIESEL S10;25/03/2019;3,69;;R$ / litro;IPIRANGA
CO;DF;BRASILIA;AUTO POSTO AGUAS CLARAS LTDA;3,81E+13;DIESEL S10;26/02/2019;3,69;;R$ / litro;IPIRANGA
CO;DF;BRASILIA;AUTO POSTO AGUAS CLARAS LTDA;3,81E+13;ETANOL;13/03/2019;3,25;;R$ / litro;IPIRANGA
CO;DF;BRASILIA;AUTO POSTO AGUAS CLARAS LTDA;3,81E+13;ETANOL;25/03/2019;3,35;;R$ / litro;IPIRANGA
CO;DF;BRASILIA;AUTO POSTO AGUAS CLARAS LTDA;3,81E+13;ETANOL;26/02/2019;3,19;;R$ / litro;IPIRANGA
CO;DF;BRASILIA;AUTO POSTO AGUAS CLARAS LTDA;3,81E+13;GASOLINA;13/03/2019;4,25;;R$ / litro;IPIRANGA
CO;DF;BRASILIA;AUTO POSTO AGUAS CLARAS LTDA;3,81E+13;GASOLINA;25/03/2019;4,45;;R$ / litro;IPIRANGA
CO;DF;BRASILIA;AUTO POSTO AGUAS CLARAS LTDA;3,81E+13;GASOLINA;26/02/2019;4,19;;R$ / litro;IPIRANGA
CO;DF;BRASILIA;AUTO POSTO AGUIA DE OURO - EIRELI;6,93E+11;GASOLINA;02/01/2019;4,689;3,891;R$ / litro;PETROBRAS DISTRIBUIDORA S.A.
CO;DF;BRASILIA;AUTO POSTO AGUIA DE OURO - EIRELI;6,93E+11;GASOLINA;08/01/2019;4,579;3,733;R$ / litro;PETROBRAS DISTRIBUIDORA S.A.
CO;DF;BRASILIA;AUTO POSTO AGUIA DE OURO - EIRELI;6,93E+11;GASOLINA;11/02/2019;4,679;3,79;R$ / litro;PETROBRAS DISTRIBUIDORA S.A.
CO;DF;BRASILIA;AUTO POSTO AGUIA DE OURO - EIRELI;6,93E+11;GASOLINA;11/06/2019;4,85;4,16;R$ / litro;PETROBRAS DISTRIBUIDORA S.A.
CO;DF;BRASILIA;AUTO POSTO AGUIA DE OURO - EIRELI;6,93E+11;GASOLINA;13/03/2019;4,67;3,86;R$ / litro;PETROBRAS DISTRIBUIDORA S.A.
CO;DF;BRASILIA;AUTO POSTO AGUIA DE OURO - EIRELI;6,93E+11;GASOLINA;25/03/2019;4,67;3,94;R$ / litro;PETROBRAS DISTRIBUIDORA S.A.
CO;DF;BRASILIA;AUTO POSTO AGUIA DE OURO - EIRELI;6,93E+11;GASOLINA;26/02/2019;4,67;3,817;R$ / litro;PETROBRAS DISTRIBUIDORA S.A.
CO;DF;BRASILIA;AUTO POSTO AGUIA DE OURO - EIRELI;6,93E+11;GASOLINA;29/01/2019;4,67;3,79;R$ / litro;PETROBRAS DISTRIBUIDORA S.A.
CO;DF;BRASILIA;AUTO POSTO ALMENARA LTDA.;5,30E+12;DIESEL;08/01/2019;3,759;;R$ / litro;RAIZEN
CO;DF;BRASILIA;AUTO POSTO ALMENARA LTDA.;5,30E+12;DIESEL;11/02/2019;3,559;;R$ / litro;RAIZEN
CO;DF;BRASILIA;AUTO POSTO ALMENARA LTDA.;5,30E+12;DIESEL;16/01/2019;3,489;3,1854;R$ / litro;RAIZEN
CO;DF;BRASILIA;AUTO POSTO ALMENARA LTDA.;5,30E+12;DIESEL;23/01/2019;3,489;3,1852;R$ / litro;RAIZEN
CO;DF;BRASILIA;AUTO POSTO ALMENARA LTDA.;5,30E+12;DIESEL S10;08/01/2019;3,829;;R$ / litro;RAIZEN
CO;DF;BRASILIA;AUTO POSTO ALMENARA LTDA.;5,30E+12;DIESEL S10;11/02/2019;3,699;;R$ / litro;RAIZEN
CO;DF;BRASILIA;AUTO POSTO ALMENARA LTDA.;5,30E+12;DIESEL S10;16/01/2019;3,699;3,2565;R$ / litro;RAIZEN
CO;DF;BRASILIA;AUTO POSTO ALMENARA LTDA.;5,30E+12;DIESEL S10;23/01/2019;3,699;3,266;R$ / litro;RAIZEN
CO;DF;BRASILIA;AUTO POSTO ALMENARA LTDA.;5,30E+12;ETANOL;08/01/2019;3,299;;R$ / litro;RAIZEN
CO;DF;BRASILIA;AUTO POSTO ALMENARA LTDA.;5,30E+12;ETANOL;11/02/2019;3,199;;R$ / litro;RAIZEN
CO;DF;BRASILIA;AUTO POSTO ALMENARA LTDA.;5,30E+12;ETANOL;16/01/2019;3,239;2,9306;R$ / litro;RAIZEN
CO;DF;BRASILIA;AUTO POSTO ALMENARA LTDA.;5,30E+12;ETANOL;23/01/2019;3,239;2,8656;R$ / litro;RAIZEN
CO;DF;BRASILIA;AUTO POSTO ALMENARA LTDA.;5,30E+12;GASOLINA;08/01/2019;4,099;;R$ / litro;RAIZEN
CO;DF;BRASILIA;AUTO POSTO ALMENARA LTDA.;5,30E+12;GASOLINA;11/02/2019;3,839;;R$ / litro;RAIZEN
CO;DF;BRASILIA;AUTO POSTO ALMENARA LTDA.;5,30E+12;GASOLINA;16/01/2019;4,239;3,6247;R$ / litro;RAIZEN
CO;DF;BRASILIA;AUTO POSTO ALMENARA LTDA.;5,30E+12;GASOLINA;23/01/2019;4,139;3,6928;R$ / litro;RAIZEN
CO;DF;BRASILIA;AUTO POSTO BR 060 LTDA.;7,74E+12;DIESEL;20/02/2019;3,499;3,3054;R$ / litro;IPIRANGA
CO;DF;BRASILIA;AUTO POSTO BR 060 LTDA.;7,74E+12;DIESEL S10;20/02/2019;3,699;3,406;R$ / litro;IPIRANGA
CO;DF;BRASILIA;AUTO POSTO BR 060 LTDA.;7,74E+12;ETANOL;20/02/2019;3,099;2,8001;R$ / litro;IPIRANGA
CO;DF;BRASILIA;AUTO POSTO BR 060 LTDA.;7,74E+12;GASOLINA;20/02/2019;3,859;3,708;R$ / litro;IPIRANGA
CO;DF;BRASILIA;AUTO POSTO CAPITAL LTDA.;8,98E+12;DIESEL S10;02/04/2019;3,69;;R$ / litro;RAIZEN
CO;DF;BRASILIA;AUTO POSTO CAPITAL LTDA.;8,98E+12;DIESEL S10;11/06/2019;3,899;;R$ / litro;RAIZEN
CO;DF;BRASILIA;AUTO POSTO CAPITAL LTDA.;8,98E+12;DIESEL S10;17/04/2019;3,69;;R$ / litro;RAIZEN
CO;DF;BRASILIA;AUTO POSTO CAPITAL LTDA.;8,98E+12;DIESEL S10;20/03/2019;3,69;;R$ / litro;RAIZEN
CO;DF;BRASILIA;AUTO POSTO CAPITAL LTDA.;8,98E+12;DIESEL S10;23/05/2019;3,69;;R$ / litro;RAIZEN
CO;DF;BRASILIA;AUTO POSTO CAPITAL LTDA.;8,98E+12;DIESEL S10;29/04/2019;3,69;;R$ / litro;RAIZEN
CO;DF;BRASILIA;AUTO POSTO CAPITAL LTDA.;8,98E+12;ETANOL;02/04/2019;3,29;;R$ / litro;RAIZEN
CO;DF;BRASILIA;AUTO POSTO CAPITAL LTDA.;8,98E+12;ETANOL;11/06/2019;3,199;;R$ / litro;RAIZEN
CO;DF;BRASILIA;AUTO POSTO CAPITAL LTDA.;8,98E+12;ETANOL;17/04/2019;3,29;;R$ / litro;RAIZEN
CO;DF;BRASILIA;AUTO POSTO CAPITAL LTDA.;8,98E+12;ETANOL;20/03/2019;3,29;;R$ / litro;RAIZEN
CO;DF;BRASILIA;AUTO POSTO CAPITAL LTDA.;8,98E+12;ETANOL;23/05/2019;3,29;;R$ / litro;RAIZEN
CO;DF;BRASILIA;AUTO POSTO CAPITAL LTDA.;8,98E+12;ETANOL;29/04/2019;3,59;;R$ / litro;RAIZEN
CO;DF;BRASILIA;AUTO POSTO CAPITAL LTDA.;8,98E+12;GASOLINA;02/04/2019;4,28;;R$ / litro;RAIZEN
CO;DF;BRASILIA;AUTO POSTO CAPITAL LTDA.;8,98E+12;GASOLINA;11/06/2019;4,289;;R$ / litro;RAIZEN
CO;DF;BRASILIA;AUTO POSTO CAPITAL LTDA.;8,98E+12;GASOLINA;17/04/2019;4,28;;R$ / litro;RAIZEN
CO;DF;BRASILIA;AUTO POSTO CAPITAL LTDA.;8,98E+12;GASOLINA;20/03/2019;4,28;;R$ / litro;RAIZEN
CO;DF;BRASILIA;AUTO POSTO CAPITAL LTDA.;8,98E+12;GASOLINA;23/05/2019;4,29;;R$ / litro;RAIZEN
CO;DF;BRASILIA;AUTO POSTO CAPITAL LTDA.;8,98E+12;GASOLINA;29/04/2019;4,39;;R$ / litro;RAIZEN
CO;DF;BRASILIA;AUTO POSTO CHAVES LTDA;7,46E+11;DIESEL;05/06/2019;3,599;;R$ / litro;PETROBRAS DISTRIBUIDORA S.A.
CO;DF;BRASILIA;AUTO POSTO CHAVES LTDA;7,46E+11;DIESEL;09/05/2019;3,689;;R$ / litro;PETROBRAS DISTRIBUIDORA S.A.
CO;DF;BRASILIA;AUTO POSTO CHAVES LTDA;7,46E+11;DIESEL;14/05/2019;3,689;;R$ / litro;PETROBRAS DISTRIBUIDORA S.A.
CO;DF;BRASILIA;AUTO POSTO CHAVES LTDA;7,46E+11;DIESEL;18/06/2019;3,599;;R$ / litro;PETROBRAS DISTRIBUIDORA S.A.
CO;DF;BRASILIA;AUTO POSTO CHAVES LTDA;7,46E+11;DIESEL;23/05/2019;3,689;;R$ / litro;PETROBRAS DISTRIBUIDORA S.A.
CO;DF;BRASILIA;AUTO POSTO CHAVES LTDA;7,46E+11;DIESEL;25/04/2019;3,679;;R$ / litro;PETROBRAS DISTRIBUIDORA S.A.
CO;DF;BRASILIA;AUTO POSTO CHAVES LTDA;7,46E+11;DIESEL;25/06/2019;3,499;;R$ / litro;PETROBRAS DISTRIBUIDORA S.A.
CO;DF;BRASILIA;AUTO POSTO CHAVES LTDA;7,46E+11;DIESEL;28/05/2019;3,689;;R$ / litro;PETROBRAS DISTRIBUIDORA S.A.
CO;DF;BRASILIA;AUTO POSTO CHAVES LTDA;7,46E+11;DIESEL S10;05/06/2019;3,699;;R$ / litro;PETROBRAS DISTRIBUIDORA S.A.
CO;DF;BRASILIA;AUTO POSTO CHAVES LTDA;7,46E+11;DIESEL S10;09/05/2019;3,789;;R$ / litro;PETROBRAS DISTRIBUIDORA S.A.
CO;DF;BRASILIA;AUTO POSTO CHAVES LTDA;7,46E+11;DIESEL S10;14/05/2019;3,769;;R$ / litro;PETROBRAS DISTRIBUIDORA S.A.
CO;DF;BRASILIA;AUTO POSTO CHAVES LTDA;7,46E+11;DIESEL S10;18/06/2019;3,699;;R$ / litro;PETROBRAS DISTRIBUIDORA S.A.
CO;DF;BRASILIA;AUTO POSTO CHAVES LTDA;7,46E+11;DIESEL S10;23/05/2019;3,769;;R$ / litro;PETROBRAS DISTRIBUIDORA S.A.
CO;DF;BRASILIA;AUTO POSTO CHAVES LTDA;7,46E+11;DIESEL S10;25/04/2019;3,759;;R$ / litro;PETROBRAS DISTRIBUIDORA S.A.
CO;DF;BRASILIA;AUTO POSTO CHAVES LTDA;7,46E+11;DIESEL S10;25/06/2019;3,599;;R$ / litro;PETROBRAS DISTRIBUIDORA S.A.
CO;DF;BRASILIA;AUTO POSTO CHAVES LTDA;7,46E+11;DIESEL S10;28/05/2019;3,769;;R$ / litro;PETROBRAS DISTRIBUIDORA S.A.
CO;DF;BRASILIA;AUTO POSTO CHAVES LTDA;7,46E+11;ETANOL;05/06/2019;3,299;;R$ / litro;PETROBRAS DISTRIBUIDORA S.A.
CO;DF;BRASILIA;AUTO POSTO CHAVES LTDA;7,46E+11;ETANOL;09/05/2019;3,399;;R$ / litro;PETROBRAS DISTRIBUIDORA S.A.
CO;DF;BRASILIA;AUTO POSTO CHAVES LTDA;7,46E+11;ETANOL;14/05/2019;3,399;;R$ / litro;PETROBRAS DISTRIBUIDORA S.A.
CO;DF;BRASILIA;AUTO POSTO CHAVES LTDA;7,46E+11;ETANOL;18/06/2019;3,099;;R$ / litro;PETROBRAS DISTRIBUIDORA S.A.
CO;DF;BRASILIA;AUTO POSTO CHAVES LTDA;7,46E+11;ETANOL;23/05/2019;3,449;;R$ / litro;PETROBRAS DISTRIBUIDORA S.A.
CO;DF;BRASILIA;AUTO POSTO CHAVES LTDA;7,46E+11;ETANOL;25/04/2019;3,389;;R$ / litro;PETROBRAS DISTRIBUIDORA S.A.
CO;DF;BRASILIA;AUTO POSTO CHAVES LTDA;7,46E+11;ETANOL;25/06/2019;3,099;;R$ / litro;PETROBRAS DISTRIBUIDORA S.A.
CO;DF;BRASILIA;AUTO POSTO CHAVES LTDA;7,46E+11;ETANOL;28/05/2019;3,449;;R$ / litro;PETROBRAS DISTRIBUIDORA S.A.
CO;DF;BRASILIA;AUTO POSTO CHAVES LTDA;7,46E+11;GASOLINA;05/06/2019;4,299;;R$ / litro;PETROBRAS DISTRIBUIDORA S.A.
CO;DF;BRASILIA;AUTO POSTO CHAVES LTDA;7,46E+11;GASOLINA;09/05/2019;4,549;;R$ / litro;PETROBRAS DISTRIBUIDORA S.A.
CO;DF;BRASILIA;AUTO POSTO CHAVES LTDA;7,46E+11;GASOLINA;14/05/2019;4,459;;R$ / litro;PETROBRAS DISTRIBUIDORA S.A.
CO;DF;BRASILIA;AUTO POSTO CHAVES LTDA;7,46E+11;GASOLINA;18/06/2019;4,199;;R$ / litro;PETROBRAS DISTRIBUIDORA S.A.
CO;DF;BRASILIA;AUTO POSTO CHAVES LTDA;7,46E+11;GASOLINA;23/05/2019;4,499;;R$ / litro;PETROBRAS DISTRIBUIDORA S.A.
CO;DF;BRASILIA;AUTO POSTO CHAVES LTDA;7,46E+11;GASOLINA;25/04/2019;4,389;;R$ / litro;PETROBRAS DISTRIBUIDORA S.A.
CO;DF;BRASILIA;AUTO POSTO CHAVES LTDA;7,46E+11;GASOLINA;25/06/2019;4,399;;R$ / litro;PETROBRAS DISTRIBUIDORA S.A.
CO;DF;BRASILIA;AUTO POSTO CHAVES LTDA;7,46E+11;GASOLINA;28/05/2019;4,299;;R$ / litro;PETROBRAS DISTRIBUIDORA S.A.
CO;DF;BRASILIA;AUTO POSTO CINCO ESTRELAS LTDA;6,92E+11;DIESEL S10;08/01/2019;3,899;3,1842;R$ / litro;PETROBRAS DISTRIBUIDORA S.A.
CO;DF;BRASILIA;AUTO POSTO CINCO ESTRELAS LTDA;6,92E+11;DIESEL S10;11/02/2019;3,89;;R$ / litro;PETROBRAS DISTRIBUIDORA S.A.
CO;DF;BRASILIA;AUTO POSTO CINCO ESTRELAS LTDA;6,92E+11;DIESEL S10;23/01/2019;3,899;;R$ / litro;PETROBRAS DISTRIBUIDORA S.A.
CO;DF;BRASILIA;AUTO POSTO CINCO ESTRELAS LTDA;6,92E+11;ETANOL;08/01/2019;3,199;2,8295;R$ / litro;PETROBRAS DISTRIBUIDORA S.A.
CO;DF;BRASILIA;AUTO POSTO CINCO ESTRELAS LTDA;6,92E+11;ETANOL;11/02/2019;3,17;;R$ / litro;PETROBRAS DISTRIBUIDORA S.A.
CO;DF;BRASILIA;AUTO POSTO CINCO ESTRELAS LTDA;6,92E+11;ETANOL;23/01/2019;3,179;;R$ / litro;PETROBRAS DISTRIBUIDORA S.A.
CO;DF;BRASILIA;AUTO POSTO CINCO ESTRELAS LTDA;6,92E+11;GASOLINA;08/01/2019;3,999;3,7091;R$ / litro;PETROBRAS DISTRIBUIDORA S.A.
CO;DF;BRASILIA;AUTO POSTO CINCO ESTRELAS LTDA;6,92E+11;GASOLINA;11/02/2019;3,99;;R$ / litro;PETROBRAS DISTRIBUIDORA S.A.
CO;DF;BRASILIA;AUTO POSTO CINCO ESTRELAS LTDA;6,92E+11;GASOLINA;23/01/2019;3,999;;R$ / litro;PETROBRAS DISTRIBUIDORA S.A.
CO;DF;BRASILIA;AUTO POSTO CRIOLO LTDA;2,72E+13;ETANOL;05/06/2019;3,399;;R$ / litro;RAIZEN
CO;DF;BRASILIA;AUTO POSTO CRIOLO LTDA;2,72E+13;ETANOL;08/05/2019;3,399;;R$ / litro;RAIZEN
CO;DF;BRASILIA;AUTO POSTO CRIOLO LTDA;2,72E+13;ETANOL;14/05/2019;3,399;;R$ / litro;RAIZEN
CO;DF;BRASILIA;AUTO POSTO CRIOLO LTDA;2,72E+13;ETANOL;18/06/2019;3,099;;R$ / litro;RAIZEN
CO;DF;BRASILIA;AUTO POSTO CRIOLO LTDA;2,72E+13;ETANOL;20/02/2019;3,399;;R$ / litro;RAIZEN
CO;DF;BRASILIA;AUTO POSTO CRIOLO LTDA;2,72E+13;ETANOL;23/05/2019;3,399;;R$ / litro;RAIZEN
CO;DF;BRASILIA;AUTO POSTO CRIOLO LTDA;2,72E+13;ETANOL;25/04/2019;3,399;;R$ / litro;RAIZEN
CO;DF;BRASILIA;AUTO POSTO CRIOLO LTDA;2,72E+13;ETANOL;28/05/2019;3,399;;R$ / litro;RAIZEN
CO;DF;BRASILIA;AUTO POSTO CRIOLO LTDA;2,72E+13;GASOLINA;05/06/2019;4,389;;R$ / litro;RAIZEN
CO;DF;BRASILIA;AUTO POSTO CRIOLO LTDA;2,72E+13;GASOLINA;08/05/2019;4,589;;R$ / litro;RAIZEN
CO;DF;BRASILIA;AUTO POSTO CRIOLO LTDA;2,72E+13;GASOLINA;14/05/2019;4,589;;R$ / litro;RAIZEN
CO;DF;BRASILIA;AUTO POSTO CRIOLO LTDA;2,72E+13;GASOLINA;18/06/2019;4,199;;R$ / litro;RAIZEN
CO;DF;BRASILIA;AUTO POSTO CRIOLO LTDA;2,72E+13;GASOLINA;20/02/2019;3,989;;R$ / litro;RAIZEN
CO;DF;BRASILIA;AUTO POSTO CRIOLO LTDA;2,72E+13;GASOLINA;23/05/2019;4,489;;R$ / litro;RAIZEN
CO;DF;BRASILIA;AUTO POSTO CRIOLO LTDA;2,72E+13;GASOLINA;25/04/2019;4,449;;R$ / litro;RAIZEN
CO;DF;BRASILIA;AUTO POSTO CRIOLO LTDA;2,72E+13;GASOLINA;28/05/2019;4,599;;R$ / litro;RAIZEN
CO;DF;BRASILIA;AUTO POSTO DF 180 LTDA;7,35E+12;DIESEL;08/01/2019;3,46;;R$ / litro;IPIRANGA
CO;DF;BRASILIA;AUTO POSTO DF 180 LTDA;7,35E+12;DIESEL;11/02/2019;3,46;;R$ / litro;IPIRANGA
CO;DF;BRASILIA;AUTO POSTO DF 180 LTDA;7,35E+12;DIESEL;23/01/2019;3,49;;R$ / litro;IPIRANGA
CO;DF;BRASILIA;AUTO POSTO DF 180 LTDA;7,35E+12;DIESEL S10;08/01/2019;3,54;;R$ / litro;IPIRANGA
CO;DF;BRASILIA;AUTO POSTO DF 180 LTDA;7,35E+12;DIESEL S10;11/02/2019;3,54;;R$ / litro;IPIRANGA
CO;DF;BRASILIA;AUTO POSTO DF 180 LTDA;7,35E+12;DIESEL S10;23/01/2019;3,54;;R$ / litro;IPIRANGA
CO;DF;BRASILIA;AUTO POSTO DF 180 LTDA;7,35E+12;ETANOL;08/01/2019;3,25;;R$ / litro;IPIRANGA
CO;DF;BRASILIA;AUTO POSTO DF 180 LTDA;7,35E+12;ETANOL;11/02/2019;3,25;;R$ / litro;IPIRANGA
CO;DF;BRASILIA;AUTO POSTO DF 180 LTDA;7,35E+12;ETANOL;23/01/2019;3,25;;R$ / litro;IPIRANGA
CO;DF;BRASILIA;AUTO POSTO DF 180 LTDA;7,35E+12;GASOLINA;08/01/2019;3,99;3,694;R$ / litro;IPIRANGA
CO;DF;BRASILIA;AUTO POSTO DF 180 LTDA;7,35E+12;GASOLINA;11/02/2019;3,99;;R$ / litro;IPIRANGA
CO;DF;BRASILIA;AUTO POSTO DF 180 LTDA;7,35E+12;GASOLINA;23/01/2019;3,99;;R$ / litro;IPIRANGA
CO;DF;BRASILIA;AUTO POSTO DO NUCLEO LTDA;4,29E+12;DIESEL;08/01/2019;3,559;3,255;R$ / litro;PETROBRAS DISTRIBUIDORA S.A.
CO;DF;BRASILIA;AUTO POSTO DO NUCLEO LTDA;4,29E+12;DIESEL;09/05/2019;3,759;;R$ / litro;PETROBRAS DISTRIBUIDORA S.A.
CO;DF;BRASILIA;AUTO POSTO DO NUCLEO LTDA;4,29E+12;DIESEL;11/02/2019;3,559;3,2994;R$ / litro;PETROBRAS DISTRIBUIDORA S.A.
CO;DF;BRASILIA;AUTO POSTO DO NUCLEO LTDA;4,29E+12;DIESEL;14/05/2019;3,859;3,573;R$ / litro;PETROBRAS DISTRIBUIDORA S.A.
CO;DF;BRASILIA;AUTO POSTO DO NUCLEO LTDA;4,29E+12;DIESEL;23/01/2019;3,559;;R$ / litro;PETROBRAS DISTRIBUIDORA S.A.
CO;DF;BRASILIA;AUTO POSTO DO NUCLEO LTDA;4,29E+12;DIESEL;25/04/2019;3,859;3,447;R$ / litro;PETROBRAS DISTRIBUIDORA S.A.
CO;DF;BRASILIA;AUTO POSTO DO NUCLEO LTDA;4,29E+12;DIESEL S10;08/01/2019;3,699;3,236;R$ / litro;PETROBRAS DISTRIBUIDORA S.A.
CO;DF;BRASILIA;AUTO POSTO DO NUCLEO LTDA;4,29E+12;DIESEL S10;09/05/2019;3,859;;R$ / litro;PETROBRAS DISTRIBUIDORA S.A.
CO;DF;BRASILIA;AUTO POSTO DO NUCLEO LTDA;4,29E+12;DIESEL S10;11/02/2019;3,699;3,3594;R$ / litro;PETROBRAS DISTRIBUIDORA S.A.
CO;DF;BRASILIA;AUTO POSTO DO NUCLEO LTDA;4,29E+12;DIESEL S10;14/05/2019;3,959;3,588;R$ / litro;PETROBRAS DISTRIBUIDORA S.A.
CO;DF;BRASILIA;AUTO POSTO DO NUCLEO LTDA;4,29E+12;DIESEL S10;23/01/2019;3,699;;R$ / litro;PETROBRAS DISTRIBUIDORA S.A.
CO;DF;BRASILIA;AUTO POSTO DO NUCLEO LTDA;4,29E+12;DIESEL S10;25/04/2019;3,959;3,543;R$ / litro;PETROBRAS DISTRIBUIDORA S.A.
CO;DF;BRASILIA;AUTO POSTO DO NUCLEO LTDA;4,29E+12;ETANOL;08/01/2019;3,269;;R$ / litro;PETROBRAS DISTRIBUIDORA S.A.
CO;DF;BRASILIA;AUTO POSTO DO NUCLEO LTDA;4,29E+12;ETANOL;09/05/2019;3,599;2,895;R$ / litro;PETROBRAS DISTRIBUIDORA S.A.
CO;DF;BRASILIA;AUTO POSTO DO NUCLEO LTDA;4,29E+12;ETANOL;11/02/2019;3,199;2,6693;R$ / litro;PETROBRAS DISTRIBUIDORA S.A.
CO;DF;BRASILIA;AUTO POSTO DO NUCLEO LTDA;4,29E+12;ETANOL;14/05/2019;3,399;2,8955;R$ / litro;PETROBRAS DISTRIBUIDORA S.A.
CO;DF;BRASILIA;AUTO POSTO DO NUCLEO LTDA;4,29E+12;ETANOL;23/01/2019;3,269;;R$ / litro;PETROBRAS DISTRIBUIDORA S.A.
CO;DF;BRASILIA;AUTO POSTO DO NUCLEO LTDA;4,29E+12;ETANOL;25/04/2019;3,599;3,0192;R$ / litro;PETROBRAS DISTRIBUIDORA S.A.
CO;DF;BRASILIA;AUTO POSTO DO NUCLEO LTDA;4,29E+12;GASOLINA;08/01/2019;3,999;3,7057;R$ / litro;PETROBRAS DISTRIBUIDORA S.A.
CO;DF;BRASILIA;AUTO POSTO DO NUCLEO LTDA;4,29E+12;GASOLINA;09/05/2019;4,599;4,2048;R$ / litro;PETROBRAS DISTRIBUIDORA S.A.
CO;DF;BRASILIA;AUTO POSTO DO NUCLEO LTDA;4,29E+12;GASOLINA;11/02/2019;3,839;3,5892;R$ / litro;PETROBRAS DISTRIBUIDORA S.A.
CO;DF;BRASILIA;AUTO POSTO DO NUCLEO LTDA;4,29E+12;GASOLINA;14/05/2019;4,589;4,2048;R$ / litro;PETROBRAS DISTRIBUIDORA S.A.
CO;DF;BRASILIA;AUTO POSTO DO NUCLEO LTDA;4,29E+12;GASOLINA;23/01/2019;3,999;;R$ / litro;PETROBRAS DISTRIBUIDORA S.A.
CO;DF;BRASILIA;AUTO POSTO DO NUCLEO LTDA;4,29E+12;GASOLINA;25/04/2019;4,449;4,119;R$ / litro;PETROBRAS DISTRIBUIDORA S.A.
CO;DF;BRASILIA;AUTO POSTO EIXINHO LTDA;5,47E+12;DIESEL S10;02/01/2019;3,839;3,3926;R$ / litro;PETROBRAS DISTRIBUIDORA S.A.
CO;DF;BRASILIA;AUTO POSTO EIXINHO LTDA;5,47E+12;DIESEL S10;05/06/2019;3,9;;R$ / litro;PETROBRAS DISTRIBUIDORA S.A.
CO;DF;BRASILIA;AUTO POSTO EIXINHO LTDA;5,47E+12;DIESEL S10;09/05/2019;3,859;;R$ / litro;PETROBRAS DISTRIBUIDORA S.A.
CO;DF;BRASILIA;AUTO POSTO EIXINHO LTDA;5,47E+12;DIESEL S10;11/04/2019;3,799;;R$ / litro;PETROBRAS DISTRIBUIDORA S.A.
CO;DF;BRASILIA;AUTO POSTO EIXINHO LTDA;5,47E+12;DIESEL S10;13/03/2019;3,899;;R$ / litro;PETROBRAS DISTRIBUIDORA S.A.
CO;DF;BRASILIA;AUTO POSTO EIXINHO LTDA;5,47E+12;DIESEL S10;14/05/2019;3,859;;R$ / litro;PETROBRAS DISTRIBUIDORA S.A.
CO;DF;BRASILIA;AUTO POSTO EIXINHO LTDA;5,47E+12;DIESEL S10;17/01/2019;3,839;;R$ / litro;PETROBRAS DISTRIBUIDORA S.A.
CO;DF;BRASILIA;AUTO POSTO EIXINHO LTDA;5,47E+12;DIESEL S10;17/06/2019;3,9;;R$ / litro;PETROBRAS DISTRIBUIDORA S.A.
CO;DF;BRASILIA;AUTO POSTO EIXINHO LTDA;5,47E+12;DIESEL S10;23/05/2019;3,859;;R$ / litro;PETROBRAS DISTRIBUIDORA S.A.
CO;DF;BRASILIA;AUTO POSTO EIXINHO LTDA;5,47E+12;DIESEL S10;25/03/2019;3,799;;R$ / litro;PETROBRAS DISTRIBUIDORA S.A.
CO;DF;BRASILIA;AUTO POSTO EIXINHO LTDA;5,47E+12;DIESEL S10;25/04/2019;3,789;;R$ / litro;PETROBRAS DISTRIBUIDORA S.A.
CO;DF;BRASILIA;AUTO POSTO EIXINHO LTDA;5,47E+12;DIESEL S10;26/02/2019;3,599;;R$ / litro;PETROBRAS DISTRIBUIDORA S.A.
CO;DF;BRASILIA;AUTO POSTO EIXINHO LTDA;5,47E+12;DIESEL S10;28/05/2019;3,859;;R$ / litro;PETROBRAS DISTRIBUIDORA S.A.
CO;DF;BRASILIA;AUTO POSTO EIXINHO LTDA;5,47E+12;DIESEL S10;29/01/2019;3,839;;R$ / litro;PETROBRAS DISTRIBUIDORA S.A.
CO;DF;BRASILIA;AUTO POSTO EIXINHO LTDA;5,47E+12;ETANOL;02/01/2019;3,199;3,0595;R$ / litro;PETROBRAS DISTRIBUIDORA S.A.
CO;DF;BRASILIA;AUTO POSTO EIXINHO LTDA;5,47E+12;ETANOL;05/06/2019;3,259;;R$ / litro;PETROBRAS DISTRIBUIDORA S.A.
CO;DF;BRASILIA;AUTO POSTO EIXINHO LTDA;5,47E+12;ETANOL;09/05/2019;3,399;;R$ / litro;PETROBRAS DISTRIBUIDORA S.A.
CO;DF;BRASILIA;AUTO POSTO EIXINHO LTDA;5,47E+12;ETANOL;11/04/2019;3,199;;R$ / litro;PETROBRAS DISTRIBUIDORA S.A.
CO;DF;BRASILIA;AUTO POSTO EIXINHO LTDA;5,47E+12;ETANOL;13/03/2019;3,399;;R$ / litro;PETROBRAS DISTRIBUIDORA S.A.
CO;DF;BRASILIA;AUTO POSTO EIXINHO LTDA;5,47E+12;ETANOL;14/05/2019;3,399;;R$ / litro;PETROBRAS DISTRIBUIDORA S.A.
CO;DF;BRASILIA;AUTO POSTO EIXINHO LTDA;5,47E+12;ETANOL;17/01/2019;3,199;;R$ / litro;PETROBRAS DISTRIBUIDORA S.A.
CO;DF;BRASILIA;AUTO POSTO EIXINHO LTDA;5,47E+12;ETANOL;17/06/2019;3,259;;R$ / litro;PETROBRAS DISTRIBUIDORA S.A.
CO;DF;BRASILIA;AUTO POSTO EIXINHO LTDA;5,47E+12;ETANOL;23/05/2019;3,299;;R$ / litro;PETROBRAS DISTRIBUIDORA S.A.
CO;DF;BRASILIA;AUTO POSTO EIXINHO LTDA;5,47E+12;ETANOL;25/03/2019;3,199;2,96;R$ / litro;PETROBRAS DISTRIBUIDORA S.A.
CO;DF;BRASILIA;AUTO POSTO EIXINHO LTDA;5,47E+12;ETANOL;25/04/2019;3,359;;R$ / litro;PETROBRAS DISTRIBUIDORA S.A.
CO;DF;BRASILIA;AUTO POSTO EIXINHO LTDA;5,47E+12;ETANOL;25/06/2019;3,09;;R$ / litro;PETROBRAS DISTRIBUIDORA S.A.
CO;DF;BRASILIA;AUTO POSTO EIXINHO LTDA;5,47E+12;ETANOL;26/02/2019;3,199;;R$ / litro;PETROBRAS DISTRIBUIDORA S.A.
CO;DF;BRASILIA;AUTO POSTO EIXINHO LTDA;5,47E+12;ETANOL;28/05/2019;3,299;;R$ / litro;PETROBRAS DISTRIBUIDORA S.A.
CO;DF;BRASILIA;AUTO POSTO EIXINHO LTDA;5,47E+12;ETANOL;29/01/2019;3,199;2,9598;R$ / litro;PETROBRAS DISTRIBUIDORA S.A.
CO;DF;BRASILIA;AUTO POSTO EIXINHO LTDA;5,47E+12;GASOLINA;02/01/2019;4,399;3,8987;R$ / litro;PETROBRAS DISTRIBUIDORA S.A.
CO;DF;BRASILIA;AUTO POSTO EIXINHO LTDA;5,47E+12;GASOLINA;05/06/2019;4,429;;R$ / litro;PETROBRAS DISTRIBUIDORA S.A.
CO;DF;BRASILIA;AUTO POSTO EIXINHO LTDA;5,47E+12;GASOLINA;09/05/2019;4,499;;R$ / litro;PETROBRAS DISTRIBUIDORA S.A.
CO;DF;BRASILIA;AUTO POSTO EIXINHO LTDA;5,47E+12;GASOLINA;11/04/2019;4,289;;R$ / litro;PETROBRAS DISTRIBUIDORA S.A.
CO;DF;BRASILIA;AUTO POSTO EIXINHO LTDA;5,47E+12;GASOLINA;13/03/2019;4,389;;R$ / litro;PETROBRAS DISTRIBUIDORA S.A.
CO;DF;BRASILIA;AUTO POSTO EIXINHO LTDA;5,47E+12;GASOLINA;14/05/2019;4,469;;R$ / litro;PETROBRAS DISTRIBUIDORA S.A.
CO;DF;BRASILIA;AUTO POSTO EIXINHO LTDA;5,47E+12;GASOLINA;17/01/2019;4,299;;R$ / litro;PETROBRAS DISTRIBUIDORA S.A.
CO;DF;BRASILIA;AUTO POSTO EIXINHO LTDA;5,47E+12;GASOLINA;17/06/2019;4,429;;R$ / litro;PETROBRAS DISTRIBUIDORA S.A.
CO;DF;BRASILIA;AUTO POSTO EIXINHO LTDA;5,47E+12;GASOLINA;23/05/2019;4,469;;R$ / litro;PETROBRAS DISTRIBUIDORA S.A.
CO;DF;BRASILIA;AUTO POSTO EIXINHO LTDA;5,47E+12;GASOLINA;25/03/2019;4,289;3,955;R$ / litro;PETROBRAS DISTRIBUIDORA S.A.
CO;DF;BRASILIA;AUTO POSTO EIXINHO LTDA;5,47E+12;GASOLINA;25/04/2019;4,459;;R$ / litro;PETROBRAS DISTRIBUIDORA S.A.
CO;DF;BRASILIA;AUTO POSTO EIXINHO LTDA;5,47E+12;GASOLINA;25/06/2019;4,35;;R$ / litro;PETROBRAS DISTRIBUIDORA S.A.
CO;DF;BRASILIA;AUTO POSTO EIXINHO LTDA;5,47E+12;GASOLINA;26/02/2019;4,189;3,893;R$ / litro;PETROBRAS DISTRIBUIDORA S.A.
CO;DF;BRASILIA;AUTO POSTO EIXINHO LTDA;5,47E+12;GASOLINA;28/05/2019;4,469;;R$ / litro;PETROBRAS DISTRIBUIDORA S.A.
CO;DF;BRASILIA;AUTO POSTO EIXINHO LTDA;5,47E+12;GASOLINA;29/01/2019;3,999;3,723;R$ / litro;PETROBRAS DISTRIBUIDORA S.A.
CO;DF;BRASILIA;AUTO POSTO ESPLANADA LTDA;3,65E+11;DIESEL;02/04/2019;3,799;3,3715;R$ / litro;IPIRANGA
CO;DF;BRASILIA;AUTO POSTO ESPLANADA LTDA;3,65E+11;DIESEL;11/06/2019;3,859;;R$ / litro;IPIRANGA
CO;DF;BRASILIA;AUTO POSTO ESPLANADA LTDA;3,65E+11;DIESEL;20/02/2019;3,799;3,3075;R$ / litro;IPIRANGA
CO;DF;BRASILIA;AUTO POSTO ESPLANADA LTDA;3,65E+11;DIESEL S10;02/04/2019;3,899;3,4244;R$ / litro;IPIRANGA
CO;DF;BRASILIA;AUTO POSTO ESPLANADA LTDA;3,65E+11;DIESEL S10;11/06/2019;3,895;;R$ / litro;IPIRANGA
CO;DF;BRASILIA;AUTO POSTO ESPLANADA LTDA;3,65E+11;DIESEL S10;20/02/2019;3,899;3,4406;R$ / litro;IPIRANGA
CO;DF;BRASILIA;AUTO POSTO ESPLANADA LTDA;3,65E+11;ETANOL;02/04/2019;3,199;2,799;R$ / litro;IPIRANGA
CO;DF;BRASILIA;AUTO POSTO ESPLANADA LTDA;3,65E+11;ETANOL;11/06/2019;3,299;;R$ / litro;IPIRANGA
CO;DF;BRASILIA;AUTO POSTO ESPLANADA LTDA;3,65E+11;ETANOL;20/02/2019;2,999;2,7554;R$ / litro;IPIRANGA
CO;DF;BRASILIA;AUTO POSTO ESPLANADA LTDA;3,65E+11;GASOLINA;02/04/2019;4,459;3,9783;R$ / litro;IPIRANGA
CO;DF;BRASILIA;AUTO POSTO ESPLANADA LTDA;3,65E+11;GASOLINA;11/06/2019;4,09;;R$ / litro;IPIRANGA
CO;DF;BRASILIA;AUTO POSTO ESPLANADA LTDA;3,65E+11;GASOLINA;20/02/2019;3,959;3,7382;R$ / litro;IPIRANGA
CO;DF;BRASILIA;AUTO POSTO ESQUINA LIMITADA;2,55E+12;DIESEL;02/01/2019;3,579;3,007;R$ / litro;BRANCA
CO;DF;BRASILIA;AUTO POSTO ESQUINA LIMITADA;2,55E+12;DIESEL;02/04/2019;3,769;;R$ / litro;BRANCA
CO;DF;BRASILIA;AUTO POSTO ESQUINA LIMITADA;2,55E+12;DIESEL;05/06/2019;3,849;3,254;R$ / litro;BRANCA
CO;DF;BRASILIA;AUTO POSTO ESQUINA LIMITADA;2,55E+12;DIESEL;08/03/2019;3,699;;R$ / litro;BRANCA
CO;DF;BRASILIA;AUTO POSTO ESQUINA LIMITADA;2,55E+12;DIESEL;13/03/2019;3,699;3,249;R$ / litro;BRANCA
CO;DF;BRASILIA;AUTO POSTO ESQUINA LIMITADA;2,55E+12;DIESEL;17/01/2019;3,579;3,02;R$ / litro;BRANCA
CO;DF;BRASILIA;AUTO POSTO ESQUINA LIMITADA;2,55E+12;DIESEL;17/04/2019;3,769;3,22;R$ / litro;BRANCA
CO;DF;BRASILIA;AUTO POSTO ESQUINA LIMITADA;2,55E+12;DIESEL;18/06/2019;3,839;3,163;R$ / litro;BRANCA
CO;DF;BRASILIA;AUTO POSTO ESQUINA LIMITADA;2,55E+12;DIESEL;20/02/2019;3,699;3,155;R$ / litro;BRANCA
CO;DF;BRASILIA;AUTO POSTO ESQUINA LIMITADA;2,55E+12;DIESEL;20/03/2019;3,769;;R$ / litro;BRANCA
CO;DF;BRASILIA;AUTO POSTO ESQUINA LIMITADA;2,55E+12;DIESEL;23/05/2019;3,849;;R$ / litro;BRANCA
CO;DF;BRASILIA;AUTO POSTO ESQUINA LIMITADA;2,55E+12;DIESEL;24/06/2019;3,739;3,163;R$ / litro;BRANCA
CO;DF;BRASILIA;AUTO POSTO ESQUINA LIMITADA;2,55E+12;DIESEL;25/03/2019;3,769;3,22;R$ / litro;BRANCA
CO;DF;BRASILIA;AUTO POSTO ESQUINA LIMITADA;2,55E+12;DIESEL;26/02/2019;3,699;3,159;R$ / litro;BRANCA
CO;DF;BRASILIA;AUTO POSTO ESQUINA LIMITADA;2,55E+12;DIESEL;28/05/2019;3,849;;R$ / litro;BRANCA
CO;DF;BRASILIA;AUTO POSTO ESQUINA LIMITADA;2,55E+12;DIESEL;29/01/2019;3,699;;R$ / litro;BRANCA
CO;DF;BRASILIA;AUTO POSTO ESQUINA LIMITADA;2,55E+12;DIESEL;29/04/2019;3,799;3,323;R$ / litro;BRANCA
CO;DF;BRASILIA;AUTO POSTO ESQUINA LIMITADA;2,55E+12;DIESEL S10;02/01/2019;3,679;3,161;R$ / litro;BRANCA
CO;DF;BRASILIA;AUTO POSTO ESQUINA LIMITADA;2,55E+12;DIESEL S10;02/04/2019;3,869;3,299;R$ / litro;BRANCA
CO;DF;BRASILIA;AUTO POSTO ESQUINA LIMITADA;2,55E+12;DIESEL S10;05/06/2019;3,959;3,3727;R$ / litro;BRANCA
CO;DF;BRASILIA;AUTO POSTO ESQUINA LIMITADA;2,55E+12;DIESEL S10;08/03/2019;3,769;;R$ / litro;BRANCA
CO;DF;BRASILIA;AUTO POSTO ESQUINA LIMITADA;2,55E+12;DIESEL S10;13/03/2019;3,769;3,389;R$ / litro;BRANCA
CO;DF;BRASILIA;AUTO POSTO ESQUINA LIMITADA;2,55E+12;DIESEL S10;17/01/2019;3,679;3,117;R$ / litro;BRANCA
CO;DF;BRASILIA;AUTO POSTO ESQUINA LIMITADA;2,55E+12;DIESEL S10;17/04/2019;3,869;3,299;R$ / litro;BRANCA
CO;DF;BRASILIA;AUTO POSTO ESQUINA LIMITADA;2,55E+12;DIESEL S10;18/06/2019;3,959;3,279;R$ / litro;BRANCA
CO;DF;BRASILIA;AUTO POSTO ESQUINA LIMITADA;2,55E+12;DIESEL S10;20/02/2019;3,769;3,3;R$ / litro;BRANCA
CO;DF;BRASILIA;AUTO POSTO ESQUINA LIMITADA;2,55E+12;DIESEL S10;20/03/2019;3,869;;R$ / litro;BRANCA
CO;DF;BRASILIA;AUTO POSTO ESQUINA LIMITADA;2,55E+12;DIESEL S10;23/05/2019;3,959;;R$ / litro;BRANCA
CO;DF;BRASILIA;AUTO POSTO ESQUINA LIMITADA;2,55E+12;DIESEL S10;24/06/2019;3,839;3,279;R$ / litro;BRANCA
CO;DF;BRASILIA;AUTO POSTO ESQUINA LIMITADA;2,55E+12;DIESEL S10;25/03/2019;3,869;3,307;R$ / litro;BRANCA
CO;DF;BRASILIA;AUTO POSTO ESQUINA LIMITADA;2,55E+12;DIESEL S10;26/02/2019;3,769;3,233;R$ / litro;BRANCA
CO;DF;BRASILIA;AUTO POSTO ESQUINA LIMITADA;2,55E+12;DIESEL S10;28/05/2019;3,959;;R$ / litro;BRANCA
CO;DF;BRASILIA;AUTO POSTO ESQUINA LIMITADA;2,55E+12;DIESEL S10;29/01/2019;3,799;;R$ / litro;BRANCA
CO;DF;BRASILIA;AUTO POSTO ESQUINA LIMITADA;2,55E+12;DIESEL S10;29/04/2019;3,899;3,39;R$ / litro;BRANCA
CO;DF;BRASILIA;AUTO POSTO ESQUINA LIMITADA;2,55E+12;ETANOL;02/01/2019;3,359;3,0329;R$ / litro;BRANCA
CO;DF;BRASILIA;AUTO POSTO ESQUINA LIMITADA;2,55E+12;ETANOL;02/04/2019;3,279;2,8842;R$ / litro;BRANCA
CO;DF;BRASILIA;AUTO POSTO ESQUINA LIMITADA;2,55E+12;ETANOL;05/06/2019;3,159;2,847;R$ / litro;BRANCA
CO;DF;BRASILIA;AUTO POSTO ESQUINA LIMITADA;2,55E+12;ETANOL;08/03/2019;3,189;;R$ / litro;BRANCA
CO;DF;BRASILIA;AUTO POSTO ESQUINA LIMITADA;2,55E+12;ETANOL;13/03/2019;3,219;3,047;R$ / litro;BRANCA
CO;DF;BRASILIA;AUTO POSTO ESQUINA LIMITADA;2,55E+12;ETANOL;17/01/2019;3,239;2,4511;R$ / litro;BRANCA
CO;DF;BRASILIA;AUTO POSTO ESQUINA LIMITADA;2,55E+12;ETANOL;17/04/2019;3,279;2,901;R$ / litro;BRANCA
CO;DF;BRASILIA;AUTO POSTO ESQUINA LIMITADA;2,55E+12;ETANOL;18/06/2019;3,259;2,9029;R$ / litro;BRANCA
CO;DF;BRASILIA;AUTO POSTO ESQUINA LIMITADA;2,55E+12;ETANOL;20/02/2019;2,989;2,3184;R$ / litro;BRANCA
CO;DF;BRASILIA;AUTO POSTO ESQUINA LIMITADA;2,55E+12;ETANOL;20/03/2019;3,279;;R$ / litro;BRANCA
CO;DF;BRASILIA;AUTO POSTO ESQUINA LIMITADA;2,55E+12;ETANOL;23/05/2019;3,249;;R$ / litro;BRANCA
CO;DF;BRASILIA;AUTO POSTO ESQUINA LIMITADA;2,55E+12;ETANOL;24/06/2019;3,159;2,8624;R$ / litro;BRANCA
CO;DF;BRASILIA;AUTO POSTO ESQUINA LIMITADA;2,55E+12;ETANOL;25/03/2019;3,279;3,047;R$ / litro;BRANCA
CO;DF;BRASILIA;AUTO POSTO ESQUINA LIMITADA;2,55E+12;ETANOL;26/02/2019;3,099;2,4696;R$ / litro;BRANCA
CO;DF;BRASILIA;AUTO POSTO ESQUINA LIMITADA;2,55E+12;ETANOL;28/05/2019;3,249;;R$ / litro;BRANCA
CO;DF;BRASILIA;AUTO POSTO ESQUINA LIMITADA;2,55E+12;ETANOL;29/01/2019;3,149;2,8489;R$ / litro;BRANCA
CO;DF;BRASILIA;AUTO POSTO ESQUINA LIMITADA;2,55E+12;ETANOL;29/04/2019;3,359;3,014;R$ / litro;BRANCA
CO;DF;BRASILIA;AUTO POSTO ESQUINA LIMITADA;2,55E+12;GASOLINA;02/01/2019;4,489;3,8;R$ / litro;BRANCA
CO;DF;BRASILIA;AUTO POSTO ESQUINA LIMITADA;2,55E+12;GASOLINA;02/04/2019;4,459;;R$ / litro;BRANCA
CO;DF;BRASILIA;AUTO POSTO ESQUINA LIMITADA;2,55E+12;GASOLINA;05/06/2019;4,389;4,0397;R$ / litro;BRANCA
CO;DF;BRASILIA;AUTO POSTO ESQUINA LIMITADA;2,55E+12;GASOLINA;08/03/2019;3,989;;R$ / litro;BRANCA
CO;DF;BRASILIA;AUTO POSTO ESQUINA LIMITADA;2,55E+12;GASOLINA;13/03/2019;4,299;;R$ / litro;BRANCA
CO;DF;BRASILIA;AUTO POSTO ESQUINA LIMITADA;2,55E+12;GASOLINA;17/01/2019;4,199;3,679;R$ / litro;BRANCA
CO;DF;BRASILIA;AUTO POSTO ESQUINA LIMITADA;2,55E+12;GASOLINA;17/04/2019;4,569;4,015;R$ / litro;BRANCA
CO;DF;BRASILIA;AUTO POSTO ESQUINA LIMITADA;2,55E+12;GASOLINA;18/06/2019;4,489;3,912;R$ / litro;BRANCA
CO;DF;BRASILIA;AUTO POSTO ESQUINA LIMITADA;2,55E+12;GASOLINA;20/02/2019;4,129;3,689;R$ / litro;BRANCA
CO;DF;BRASILIA;AUTO POSTO ESQUINA LIMITADA;2,55E+12;GASOLINA;20/03/2019;4,269;;R$ / litro;BRANCA
CO;DF;BRASILIA;AUTO POSTO ESQUINA LIMITADA;2,55E+12;GASOLINA;23/05/2019;4,659;;R$ / litro;BRANCA
CO;DF;BRASILIA;AUTO POSTO ESQUINA LIMITADA;2,55E+12;GASOLINA;24/06/2019;4,389;3,903;R$ / litro;BRANCA
CO;DF;BRASILIA;AUTO POSTO ESQUINA LIMITADA;2,55E+12;GASOLINA;25/03/2019;4,269;3,87;R$ / litro;BRANCA
CO;DF;BRASILIA;AUTO POSTO ESQUINA LIMITADA;2,55E+12;GASOLINA;26/02/2019;4,179;3,719;R$ / litro;BRANCA
CO;DF;BRASILIA;AUTO POSTO ESQUINA LIMITADA;2,55E+12;GASOLINA;28/05/2019;4,569;;R$ / litro;BRANCA
CO;DF;BRASILIA;AUTO POSTO ESQUINA LIMITADA;2,55E+12;GASOLINA;29/01/2019;4,099;3,683;R$ / litro;BRANCA
CO;DF;BRASILIA;AUTO POSTO ESQUINA LIMITADA;2,55E+12;GASOLINA;29/04/2019;4,569;4,0122;R$ / litro;BRANCA
CO;DF;BRASILIA;AUTO POSTO ITICAR LTDA - EPP;2,73E+12;DIESEL;02/04/2019;3,559;;R$ / litro;RAIZEN
CO;DF;BRASILIA;AUTO POSTO ITICAR LTDA - EPP;2,73E+12;DIESEL;06/02/2019;3,59;3,2328;R$ / litro;RAIZEN
CO;DF;BRASILIA;AUTO POSTO ITICAR LTDA - EPP;2,73E+12;DIESEL;08/01/2019;3,598;;R$ / litro;RAIZEN
CO;DF;BRASILIA;AUTO POSTO ITICAR LTDA - EPP;2,73E+12;DIESEL;08/03/2019;3,459;3,3603;R$ / litro;RAIZEN
CO;DF;BRASILIA;AUTO POSTO ITICAR LTDA - EPP;2,73E+12;DIESEL;11/06/2019;3,649;3,395;R$ / litro;RAIZEN
CO;DF;BRASILIA;AUTO POSTO ITICAR LTDA - EPP;2,73E+12;DIESEL;17/04/2019;3,559;;R$ / litro;RAIZEN
CO;DF;BRASILIA;AUTO POSTO ITICAR LTDA - EPP;2,73E+12;DIESEL;20/03/2019;3,559;3,3711;R$ / litro;RAIZEN
CO;DF;BRASILIA;AUTO POSTO ITICAR LTDA - EPP;2,73E+12;DIESEL;23/01/2019;3,598;;R$ / litro;RAIZEN
CO;DF;BRASILIA;AUTO POSTO ITICAR LTDA - EPP;2,73E+12;DIESEL S10;02/04/2019;3,599;;R$ / litro;RAIZEN
CO;DF;BRASILIA;AUTO POSTO ITICAR LTDA - EPP;2,73E+12;DIESEL S10;06/02/2019;3,69;3,3806;R$ / litro;RAIZEN
CO;DF;BRASILIA;AUTO POSTO ITICAR LTDA - EPP;2,73E+12;DIESEL S10;08/01/2019;3,798;;R$ / litro;RAIZEN
CO;DF;BRASILIA;AUTO POSTO ITICAR LTDA - EPP;2,73E+12;DIESEL S10;08/03/2019;3,599;3,3689;R$ / litro;RAIZEN
CO;DF;BRASILIA;AUTO POSTO ITICAR LTDA - EPP;2,73E+12;DIESEL S10;11/06/2019;3,709;3,4994;R$ / litro;RAIZEN
CO;DF;BRASILIA;AUTO POSTO ITICAR LTDA - EPP;2,73E+12;DIESEL S10;17/04/2019;3,549;;R$ / litro;RAIZEN
CO;DF;BRASILIA;AUTO POSTO ITICAR LTDA - EPP;2,73E+12;DIESEL S10;20/03/2019;3,599;3,4157;R$ / litro;RAIZEN
CO;DF;BRASILIA;AUTO POSTO ITICAR LTDA - EPP;2,73E+12;DIESEL S10;23/01/2019;3,798;;R$ / litro;RAIZEN
CO;DF;BRASILIA;AUTO POSTO ITICAR LTDA - EPP;2,73E+12;ETANOL;02/04/2019;3,199;;R$ / litro;RAIZEN
CO;DF;BRASILIA;AUTO POSTO ITICAR LTDA - EPP;2,73E+12;ETANOL;06/02/2019;2,99;2,7759;R$ / litro;RAIZEN
CO;DF;BRASILIA;AUTO POSTO ITICAR LTDA - EPP;2,73E+12;ETANOL;08/01/2019;3,198;;R$ / litro;RAIZEN
CO;DF;BRASILIA;AUTO POSTO ITICAR LTDA - EPP;2,73E+12;ETANOL;08/03/2019;3,199;3,1152;R$ / litro;RAIZEN
CO;DF;BRASILIA;AUTO POSTO ITICAR LTDA - EPP;2,73E+12;ETANOL;11/06/2019;3,199;2,8397;R$ / litro;RAIZEN
CO;DF;BRASILIA;AUTO POSTO ITICAR LTDA - EPP;2,73E+12;ETANOL;17/04/2019;3,199;;R$ / litro;RAIZEN
CO;DF;BRASILIA;AUTO POSTO ITICAR LTDA - EPP;2,73E+12;ETANOL;20/03/2019;3,199;3,0132;R$ / litro;RAIZEN
CO;DF;BRASILIA;AUTO POSTO ITICAR LTDA - EPP;2,73E+12;ETANOL;23/01/2019;3,198;;R$ / litro;RAIZEN
CO;DF;BRASILIA;AUTO POSTO ITICAR LTDA - EPP;2,73E+12;GASOLINA;02/04/2019;4,299;;R$ / litro;RAIZEN
CO;DF;BRASILIA;AUTO POSTO ITICAR LTDA - EPP;2,73E+12;GASOLINA;06/02/2019;4,159;3,6389;R$ / litro;RAIZEN
CO;DF;BRASILIA;AUTO POSTO ITICAR LTDA - EPP;2,73E+12;GASOLINA;08/01/2019;4,098;;R$ / litro;RAIZEN
CO;DF;BRASILIA;AUTO POSTO ITICAR LTDA - EPP;2,73E+12;GASOLINA;08/03/2019;4,089;3,8363;R$ / litro;RAIZEN
CO;DF;BRASILIA;AUTO POSTO ITICAR LTDA - EPP;2,73E+12;GASOLINA;11/06/2019;4,289;3,97;R$ / litro;RAIZEN
CO;DF;BRASILIA;AUTO POSTO ITICAR LTDA - EPP;2,73E+12;GASOLINA;17/04/2019;4,299;;R$ / litro;RAIZEN
CO;DF;BRASILIA;AUTO POSTO ITICAR LTDA - EPP;2,73E+12;GASOLINA;20/03/2019;4,249;3,9868;R$ / litro;RAIZEN
CO;DF;BRASILIA;AUTO POSTO ITICAR LTDA - EPP;2,73E+12;GASOLINA;23/01/2019;4,298;;R$ / litro;RAIZEN
CO;DF;BRASILIA;AUTO POSTO JB LIMITADA;6,72E+11;DIESEL;02/01/2019;3,397;3,1242;R$ / litro;PETROBRAS DISTRIBUIDORA S.A.
CO;DF;BRASILIA;AUTO POSTO JB LIMITADA;6,72E+11;DIESEL;05/06/2019;3,677;3,4091;R$ / litro;PETROBRAS DISTRIBUIDORA S.A.
CO;DF;BRASILIA;AUTO POSTO JB LIMITADA;6,72E+11;DIESEL;08/03/2019;3,583;;R$ / litro;PETROBRAS DISTRIBUIDORA S.A.
CO;DF;BRASILIA;AUTO POSTO JB LIMITADA;6,72E+11;DIESEL;08/05/2019;3,607;3,405;R$ / litro;PETROBRAS DISTRIBUIDORA S.A.
CO;DF;BRASILIA;AUTO POSTO JB LIMITADA;6,72E+11;DIESEL;11/04/2019;3,547;3,3396;R$ / litro;PETROBRAS DISTRIBUIDORA S.A.
CO;DF;BRASILIA;AUTO POSTO JB LIMITADA;6,72E+11;DIESEL;11/06/2019;3,567;3,3436;R$ / litro;PETROBRAS DISTRIBUIDORA S.A.
CO;DF;BRASILIA;AUTO POSTO JB LIMITADA;6,72E+11;DIESEL;13/03/2019;3,627;;R$ / litro;PETROBRAS DISTRIBUIDORA S.A.
CO;DF;BRASILIA;AUTO POSTO JB LIMITADA;6,72E+11;DIESEL;14/05/2019;3,607;3,405;R$ / litro;PETROBRAS DISTRIBUIDORA S.A.
CO;DF;BRASILIA;AUTO POSTO JB LIMITADA;6,72E+11;DIESEL;17/01/2019;3,397;3,163;R$ / litro;PETROBRAS DISTRIBUIDORA S.A.
CO;DF;BRASILIA;AUTO POSTO JB LIMITADA;6,72E+11;DIESEL;18/06/2019;3,477;3,2535;R$ / litro;PETROBRAS DISTRIBUIDORA S.A.
CO;DF;BRASILIA;AUTO POSTO JB LIMITADA;6,72E+11;DIESEL;20/02/2019;3,42;3,2599;R$ / litro;PETROBRAS DISTRIBUIDORA S.A.
CO;DF;BRASILIA;AUTO POSTO JB LIMITADA;6,72E+11;DIESEL;23/05/2019;3,607;3,405;R$ / litro;PETROBRAS DISTRIBUIDORA S.A.
CO;DF;BRASILIA;AUTO POSTO JB LIMITADA;6,72E+11;DIESEL;24/06/2019;3,477;3,253;R$ / litro;PETROBRAS DISTRIBUIDORA S.A.
CO;DF;BRASILIA;AUTO POSTO JB LIMITADA;6,72E+11;DIESEL;25/03/2019;3,547;3,3409;R$ / litro;PETROBRAS DISTRIBUIDORA S.A.
CO;DF;BRASILIA;AUTO POSTO JB LIMITADA;6,72E+11;DIESEL;25/04/2019;3,607;;R$ / litro;PETROBRAS DISTRIBUIDORA S.A.
CO;DF;BRASILIA;AUTO POSTO JB LIMITADA;6,72E+11;DIESEL;26/02/2019;3,587;3,329;R$ / litro;PETROBRAS DISTRIBUIDORA S.A.
CO;DF;BRASILIA;AUTO POSTO JB LIMITADA;6,72E+11;DIESEL;28/05/2019;3,677;3,4;R$ / litro;PETROBRAS DISTRIBUIDORA S.A.
CO;DF;BRASILIA;AUTO POSTO JB LIMITADA;6,72E+11;DIESEL;29/01/2019;3,397;;R$ / litro;PETROBRAS DISTRIBUIDORA S.A.
CO;DF;BRASILIA;AUTO POSTO JB LIMITADA;6,72E+11;DIESEL S10;02/01/2019;3,547;;R$ / litro;PETROBRAS DISTRIBUIDORA S.A.
CO;DF;BRASILIA;AUTO POSTO JB LIMITADA;6,72E+11;DIESEL S10;05/06/2019;3,727;3,5269;R$ / litro;PETROBRAS DISTRIBUIDORA S.A.
CO;DF;BRASILIA;AUTO POSTO JB LIMITADA;6,72E+11;DIESEL S10;08/03/2019;3,653;;R$ / litro;PETROBRAS DISTRIBUIDORA S.A.
CO;DF;BRASILIA;AUTO POSTO JB LIMITADA;6,72E+11;DIESEL S10;08/05/2019;3,827;3,4766;R$ / litro;PETROBRAS DISTRIBUIDORA S.A.
CO;DF;BRASILIA;AUTO POSTO JB LIMITADA;6,72E+11;DIESEL S10;11/04/2019;3,627;3,3834;R$ / litro;PETROBRAS DISTRIBUIDORA S.A.
CO;DF;BRASILIA;AUTO POSTO JB LIMITADA;6,72E+11;DIESEL S10;11/06/2019;3,677;3,4567;R$ / litro;PETROBRAS DISTRIBUIDORA S.A.
CO;DF;BRASILIA;AUTO POSTO JB LIMITADA;6,72E+11;DIESEL S10;13/03/2019;3,697;;R$ / litro;PETROBRAS DISTRIBUIDORA S.A.
CO;DF;BRASILIA;AUTO POSTO JB LIMITADA;6,72E+11;DIESEL S10;14/05/2019;3,677;3,4766;R$ / litro;PETROBRAS DISTRIBUIDORA S.A.
CO;DF;BRASILIA;AUTO POSTO JB LIMITADA;6,72E+11;DIESEL S10;17/01/2019;3,497;3,23;R$ / litro;PETROBRAS DISTRIBUIDORA S.A.
CO;DF;BRASILIA;AUTO POSTO JB LIMITADA;6,72E+11;DIESEL S10;18/06/2019;3,567;3,4344;R$ / litro;PETROBRAS DISTRIBUIDORA S.A.
CO;DF;BRASILIA;AUTO POSTO JB LIMITADA;6,72E+11;DIESEL S10;20/02/2019;3,62;3,3356;R$ / litro;PETROBRAS DISTRIBUIDORA S.A.
CO;DF;BRASILIA;AUTO POSTO JB LIMITADA;6,72E+11;DIESEL S10;23/05/2019;3,677;3,4766;R$ / litro;PETROBRAS DISTRIBUIDORA S.A.
CO;DF;BRASILIA;AUTO POSTO JB LIMITADA;6,72E+11;DIESEL S10;24/06/2019;3,567;3,3433;R$ / litro;PETROBRAS DISTRIBUIDORA S.A.
CO;DF;BRASILIA;AUTO POSTO JB LIMITADA;6,72E+11;DIESEL S10;25/03/2019;3,627;;R$ / litro;PETROBRAS DISTRIBUIDORA S.A.
CO;DF;BRASILIA;AUTO POSTO JB LIMITADA;6,72E+11;DIESEL S10;25/04/2019;3,677;;R$ / litro;PETROBRAS DISTRIBUIDORA S.A.
CO;DF;BRASILIA;AUTO POSTO JB LIMITADA;6,72E+11;DIESEL S10;26/02/2019;3,657;3,4046;R$ / litro;PETROBRAS DISTRIBUIDORA S.A.
CO;DF;BRASILIA;AUTO POSTO JB LIMITADA;6,72E+11;DIESEL S10;28/05/2019;3,727;3,5193;R$ / litro;PETROBRAS DISTRIBUIDORA S.A.
CO;DF;BRASILIA;AUTO POSTO JB LIMITADA;6,72E+11;DIESEL S10;29/01/2019;3,497;;R$ / litro;PETROBRAS DISTRIBUIDORA S.A.
CO;DF;BRASILIA;AUTO POSTO JB LIMITADA;6,72E+11;ETANOL;02/01/2019;3,197;;R$ / litro;PETROBRAS DISTRIBUIDORA S.A.
CO;DF;BRASILIA;AUTO POSTO JB LIMITADA;6,72E+11;ETANOL;05/06/2019;3,197;2,9138;R$ / litro;PETROBRAS DISTRIBUIDORA S.A.
CO;DF;BRASILIA;AUTO POSTO JB LIMITADA;6,72E+11;ETANOL;08/03/2019;3,297;;R$ / litro;PETROBRAS DISTRIBUIDORA S.A.
CO;DF;BRASILIA;AUTO POSTO JB LIMITADA;6,72E+11;ETANOL;08/05/2019;3,397;2,8961;R$ / litro;PETROBRAS DISTRIBUIDORA S.A.
CO;DF;BRASILIA;AUTO POSTO JB LIMITADA;6,72E+11;ETANOL;11/04/2019;3,297;3,0115;R$ / litro;PETROBRAS DISTRIBUIDORA S.A.
CO;DF;BRASILIA;AUTO POSTO JB LIMITADA;6,72E+11;ETANOL;11/06/2019;3,107;;R$ / litro;PETROBRAS DISTRIBUIDORA S.A.
CO;DF;BRASILIA;AUTO POSTO JB LIMITADA;6,72E+11;ETANOL;13/03/2019;3,297;;R$ / litro;PETROBRAS DISTRIBUIDORA S.A.
CO;DF;BRASILIA;AUTO POSTO JB LIMITADA;6,72E+11;ETANOL;14/05/2019;3,397;2,8961;R$ / litro;PETROBRAS DISTRIBUIDORA S.A.
CO;DF;BRASILIA;AUTO POSTO JB LIMITADA;6,72E+11;ETANOL;17/01/2019;3,197;2,9274;R$ / litro;PETROBRAS DISTRIBUIDORA S.A.
CO;DF;BRASILIA;AUTO POSTO JB LIMITADA;6,72E+11;ETANOL;18/06/2019;3,107;;R$ / litro;PETROBRAS DISTRIBUIDORA S.A.
CO;DF;BRASILIA;AUTO POSTO JB LIMITADA;6,72E+11;ETANOL;20/02/2019;3,177;;R$ / litro;PETROBRAS DISTRIBUIDORA S.A.
CO;DF;BRASILIA;AUTO POSTO JB LIMITADA;6,72E+11;ETANOL;23/05/2019;3,397;2,8961;R$ / litro;PETROBRAS DISTRIBUIDORA S.A.
CO;DF;BRASILIA;AUTO POSTO JB LIMITADA;6,72E+11;ETANOL;24/06/2019;3,107;2,6576;R$ / litro;PETROBRAS DISTRIBUIDORA S.A.
CO;DF;BRASILIA;AUTO POSTO JB LIMITADA;6,72E+11;ETANOL;25/03/2019;3,297;;R$ / litro;PETROBRAS DISTRIBUIDORA S.A.
CO;DF;BRASILIA;AUTO POSTO JB LIMITADA;6,72E+11;ETANOL;25/04/2019;3,397;;R$ / litro;PETROBRAS DISTRIBUIDORA S.A.
CO;DF;BRASILIA;AUTO POSTO JB LIMITADA;6,72E+11;ETANOL;26/02/2019;3,347;3,0115;R$ / litro;PETROBRAS DISTRIBUIDORA S.A.
CO;DF;BRASILIA;AUTO POSTO JB LIMITADA;6,72E+11;ETANOL;28/05/2019;3,197;2,9138;R$ / litro;PETROBRAS DISTRIBUIDORA S.A.
CO;DF;BRASILIA;AUTO POSTO JB LIMITADA;6,72E+11;ETANOL;29/01/2019;3,197;;R$ / litro;PETROBRAS DISTRIBUIDORA S.A.
CO;DF;BRASILIA;AUTO POSTO JB LIMITADA;6,72E+11;GASOLINA;02/01/2019;4,437;3,7974;R$ / litro;PETROBRAS DISTRIBUIDORA S.A.
CO;DF;BRASILIA;AUTO POSTO JB LIMITADA;6,72E+11;GASOLINA;05/06/2019;4,397;4,0608;R$ / litro;PETROBRAS DISTRIBUIDORA S.A.
CO;DF;BRASILIA;AUTO POSTO JB LIMITADA;6,72E+11;GASOLINA;08/03/2019;4,097;;R$ / litro;PETROBRAS DISTRIBUIDORA S.A.
CO;DF;BRASILIA;AUTO POSTO JB LIMITADA;6,72E+11;GASOLINA;08/05/2019;4,597;4,1985;R$ / litro;PETROBRAS DISTRIBUIDORA S.A.
CO;DF;BRASILIA;AUTO POSTO JB LIMITADA;6,72E+11;GASOLINA;11/04/2019;4,297;4,084;R$ / litro;PETROBRAS DISTRIBUIDORA S.A.
CO;DF;BRASILIA;AUTO POSTO JB LIMITADA;6,72E+11;GASOLINA;11/06/2019;4,287;4,0053;R$ / litro;PETROBRAS DISTRIBUIDORA S.A.
CO;DF;BRASILIA;AUTO POSTO JB LIMITADA;6,72E+11;GASOLINA;13/03/2019;4,287;3,8727;R$ / litro;PETROBRAS DISTRIBUIDORA S.A.
CO;DF;BRASILIA;AUTO POSTO JB LIMITADA;6,72E+11;GASOLINA;14/05/2019;4,597;4,1615;R$ / litro;PETROBRAS DISTRIBUIDORA S.A.
CO;DF;BRASILIA;AUTO POSTO JB LIMITADA;6,72E+11;GASOLINA;17/01/2019;3,947;3,6905;R$ / litro;PETROBRAS DISTRIBUIDORA S.A.
CO;DF;BRASILIA;AUTO POSTO JB LIMITADA;6,72E+11;GASOLINA;18/06/2019;4,287;3,9708;R$ / litro;PETROBRAS DISTRIBUIDORA S.A.
CO;DF;BRASILIA;AUTO POSTO JB LIMITADA;6,72E+11;GASOLINA;20/02/2019;4,027;3,7033;R$ / litro;PETROBRAS DISTRIBUIDORA S.A.
CO;DF;BRASILIA;AUTO POSTO JB LIMITADA;6,72E+11;GASOLINA;23/05/2019;4,557;4,1615;R$ / litro;PETROBRAS DISTRIBUIDORA S.A.
CO;DF;BRASILIA;AUTO POSTO JB LIMITADA;6,72E+11;GASOLINA;24/06/2019;4,457;3,9004;R$ / litro;PETROBRAS DISTRIBUIDORA S.A.
CO;DF;BRASILIA;AUTO POSTO JB LIMITADA;6,72E+11;GASOLINA;25/03/2019;4,297;3,933;R$ / litro;PETROBRAS DISTRIBUIDORA S.A.
CO;DF;BRASILIA;AUTO POSTO JB LIMITADA;6,72E+11;GASOLINA;25/04/2019;4,477;;R$ / litro;PETROBRAS DISTRIBUIDORA S.A.
CO;DF;BRASILIA;AUTO POSTO JB LIMITADA;6,72E+11;GASOLINA;26/02/2019;4,097;3,7462;R$ / litro;PETROBRAS DISTRIBUIDORA S.A.
CO;DF;BRASILIA;AUTO POSTO JB LIMITADA;6,72E+11;GASOLINA;28/05/2019;4,397;4,1114;R$ / litro;PETROBRAS DISTRIBUIDORA S.A.
CO;DF;BRASILIA;AUTO POSTO JB LIMITADA;6,72E+11;GASOLINA;29/01/2019;3,947;;R$ / litro;PETROBRAS DISTRIBUIDORA S.A.
CO;DF;BRASILIA;AUTO POSTO JB LIMITADA;6,72E+11;DIESEL;02/01/2019;3,397;;R$ / litro;PETROBRAS DISTRIBUIDORA S.A.
CO;DF;BRASILIA;AUTO POSTO JB LIMITADA;6,72E+11;DIESEL;13/03/2019;3,627;;R$ / litro;PETROBRAS DISTRIBUIDORA S.A.
CO;DF;BRASILIA;AUTO POSTO JB LIMITADA;6,72E+11;DIESEL;17/01/2019;3,397;;R$ / litro;PETROBRAS DISTRIBUIDORA S.A.
CO;DF;BRASILIA;AUTO POSTO JB LIMITADA;6,72E+11;DIESEL;25/03/2019;3,547;;R$ / litro;PETROBRAS DISTRIBUIDORA S.A.
CO;DF;BRASILIA;AUTO POSTO JB LIMITADA;6,72E+11;DIESEL;26/02/2019;3,587;;R$ / litro;PETROBRAS DISTRIBUIDORA S.A.
CO;DF;BRASILIA;AUTO POSTO JB LIMITADA;6,72E+11;DIESEL S10;02/01/2019;3,547;;R$ / litro;PETROBRAS DISTRIBUIDORA S.A.
CO;DF;BRASILIA;AUTO POSTO JB LIMITADA;6,72E+11;DIESEL S10;05/06/2019;3,817;;R$ / litro;PETROBRAS DISTRIBUIDORA S.A.
CO;DF;BRASILIA;AUTO POSTO JB LIMITADA;6,72E+11;DIESEL S10;08/03/2019;3,747;;R$ / litro;PETROBRAS DISTRIBUIDORA S.A.
CO;DF;BRASILIA;AUTO POSTO JB LIMITADA;6,72E+11;DIESEL S10;08/05/2019;3,817;;R$ / litro;PETROBRAS DISTRIBUIDORA S.A.
CO;DF;BRASILIA;AUTO POSTO JB LIMITADA;6,72E+11;DIESEL S10;11/04/2019;3,817;;R$ / litro;PETROBRAS DISTRIBUIDORA S.A.
CO;DF;BRASILIA;AUTO POSTO JB LIMITADA;6,72E+11;DIESEL S10;11/06/2019;3,817;;R$ / litro;PETROBRAS DISTRIBUIDORA S.A.
CO;DF;BRASILIA;AUTO POSTO JB LIMITADA;6,72E+11;DIESEL S10;13/03/2019;3,817;;R$ / litro;PETROBRAS DISTRIBUIDORA S.A.
CO;DF;BRASILIA;AUTO POSTO JB LIMITADA;6,72E+11;DIESEL S10;14/05/2019;3,677;;R$ / litro;PETROBRAS DISTRIBUIDORA S.A.
CO;DF;BRASILIA;AUTO POSTO JB LIMITADA;6,72E+11;DIESEL S10;17/01/2019;3,767;;R$ / litro;PETROBRAS DISTRIBUIDORA S.A.
CO;DF;BRASILIA;AUTO POSTO JB LIMITADA;6,72E+11;DIESEL S10;18/06/2019;3,817;;R$ / litro;PETROBRAS DISTRIBUIDORA S.A.
CO;DF;BRASILIA;AUTO POSTO JB LIMITADA;6,72E+11;DIESEL S10;23/05/2019;3,677;;R$ / litro;PETROBRAS DISTRIBUIDORA S.A.
CO;DF;BRASILIA;AUTO POSTO JB LIMITADA;6,72E+11;DIESEL S10;24/06/2019;3,817;;R$ / litro;PETROBRAS DISTRIBUIDORA S.A.
CO;DF;BRASILIA;AUTO POSTO JB LIMITADA;6,72E+11;DIESEL S10;25/03/2019;3,817;3,4086;R$ / litro;PETROBRAS DISTRIBUIDORA S.A.
CO;DF;BRASILIA;AUTO POSTO JB LIMITADA;6,72E+11;DIESEL S10;25/04/2019;3,677;;R$ / litro;PETROBRAS DISTRIBUIDORA S.A.
CO;DF;BRASILIA;AUTO POSTO JB LIMITADA;6,72E+11;DIESEL S10;26/02/2019;3,747;;R$ / litro;PETROBRAS DISTRIBUIDORA S.A.
CO;DF;BRASILIA;AUTO POSTO JB LIMITADA;6,72E+11;DIESEL S10;28/05/2019;3,817;;R$ / litro;PETROBRAS DISTRIBUIDORA S.A.
CO;DF;BRASILIA;AUTO POSTO JB LIMITADA;6,72E+11;ETANOL;02/01/2019;3,197;;R$ / litro;PETROBRAS DISTRIBUIDORA S.A.
CO;DF;BRASILIA;AUTO POSTO JB LIMITADA;6,72E+11;ETANOL;05/06/2019;3,197;;R$ / litro;PETROBRAS DISTRIBUIDORA S.A.
CO;DF;BRASILIA;AUTO POSTO JB LIMITADA;6,72E+11;ETANOL;08/03/2019;3,297;;R$ / litro;PETROBRAS DISTRIBUIDORA S.A.
CO;DF;BRASILIA;AUTO POSTO JB LIMITADA;6,72E+11;ETANOL;08/05/2019;3,397;;R$ / litro;PETROBRAS DISTRIBUIDORA S.A.
CO;DF;BRASILIA;AUTO POSTO JB LIMITADA;6,72E+11;ETANOL;11/04/2019;3,297;;R$ / litro;PETROBRAS DISTRIBUIDORA S.A.
CO;DF;BRASILIA;AUTO POSTO JB LIMITADA;6,72E+11;ETANOL;11/06/2019;3,107;;R$ / litro;PETROBRAS DISTRIBUIDORA S.A.
CO;DF;BRASILIA;AUTO POSTO JB LIMITADA;6,72E+11;ETANOL;13/03/2019;3,297;;R$ / litro;PETROBRAS DISTRIBUIDORA S.A.
CO;DF;BRASILIA;AUTO POSTO JB LIMITADA;6,72E+11;ETANOL;14/05/2019;3,397;;R$ / litro;PETROBRAS DISTRIBUIDORA S.A.
CO;DF;BRASILIA;AUTO POSTO JB LIMITADA;6,72E+11;ETANOL;17/01/2019;3,197;;R$ / litro;PETROBRAS DISTRIBUIDORA S.A.
CO;DF;BRASILIA;AUTO POSTO JB LIMITADA;6,72E+11;ETANOL;18/06/2019;3,107;;R$ / litro;PETROBRAS DISTRIBUIDORA S.A.
CO;DF;BRASILIA;AUTO POSTO JB LIMITADA;6,72E+11;ETANOL;23/05/2019;3,397;;R$ / litro;PETROBRAS DISTRIBUIDORA S.A.
CO;DF;BRASILIA;AUTO POSTO JB LIMITADA;6,72E+11;ETANOL;24/06/2019;3,107;2,6576;R$ / litro;PETROBRAS DISTRIBUIDORA S.A.
CO;DF;BRASILIA;AUTO POSTO JB LIMITADA;6,72E+11;ETANOL;25/03/2019;3,297;;R$ / litro;PETROBRAS DISTRIBUIDORA S.A.
CO;DF;BRASILIA;AUTO POSTO JB LIMITADA;6,72E+11;ETANOL;25/04/2019;3,397;;R$ / litro;PETROBRAS DISTRIBUIDORA S.A.
CO;DF;BRASILIA;AUTO POSTO JB LIMITADA;6,72E+11;ETANOL;26/02/2019;3,347;;R$ / litro;PETROBRAS DISTRIBUIDORA S.A.
CO;DF;BRASILIA;AUTO POSTO JB LIMITADA;6,72E+11;ETANOL;28/05/2019;3,197;;R$ / litro;PETROBRAS DISTRIBUIDORA S.A.
CO;DF;BRASILIA;AUTO POSTO JB LIMITADA;6,72E+11;GASOLINA;02/01/2019;4,437;3,7974;R$ / litro;PETROBRAS DISTRIBUIDORA S.A.
CO;DF;BRASILIA;AUTO POSTO JB LIMITADA;6,72E+11;GASOLINA;05/06/2019;4,397;;R$ / litro;PETROBRAS DISTRIBUIDORA S.A.
CO;DF;BRASILIA;AUTO POSTO JB LIMITADA;6,72E+11;GASOLINA;08/03/2019;4,097;;R$ / litro;PETROBRAS DISTRIBUIDORA S.A.
CO;DF;BRASILIA;AUTO POSTO JB LIMITADA;6,72E+11;GASOLINA;08/05/2019;4,597;4,1985;R$ / litro;PETROBRAS DISTRIBUIDORA S.A.
CO;DF;BRASILIA;AUTO POSTO JB LIMITADA;6,72E+11;GASOLINA;11/04/2019;4,297;;R$ / litro;PETROBRAS DISTRIBUIDORA S.A.
CO;DF;BRASILIA;AUTO POSTO JB LIMITADA;6,72E+11;GASOLINA;11/06/2019;4,287;4,0053;R$ / litro;PETROBRAS DISTRIBUIDORA S.A.
CO;DF;BRASILIA;AUTO POSTO JB LIMITADA;6,72E+11;GASOLINA;13/03/2019;4,278;3,8727;R$ / litro;PETROBRAS DISTRIBUIDORA S.A.
CO;DF;BRASILIA;AUTO POSTO JB LIMITADA;6,72E+11;GASOLINA;14/05/2019;4,597;4,1615;R$ / litro;PETROBRAS DISTRIBUIDORA S.A.
CO;DF;BRASILIA;AUTO POSTO JB LIMITADA;6,72E+11;GASOLINA;17/01/2019;3,947;3,6901;R$ / litro;PETROBRAS DISTRIBUIDORA S.A.
CO;DF;BRASILIA;AUTO POSTO JB LIMITADA;6,72E+11;GASOLINA;18/06/2019;4,287;3,9708;R$ / litro;PETROBRAS DISTRIBUIDORA S.A.
CO;DF;BRASILIA;AUTO POSTO JB LIMITADA;6,72E+11;GASOLINA;23/05/2019;4,597;;R$ / litro;PETROBRAS DISTRIBUIDORA S.A.
CO;DF;BRASILIA;AUTO POSTO JB LIMITADA;6,72E+11;GASOLINA;24/06/2019;4,457;3,9004;R$ / litro;PETROBRAS DISTRIBUIDORA S.A.
CO;DF;BRASILIA;AUTO POSTO JB LIMITADA;6,72E+11;GASOLINA;25/03/2019;4,297;3,9509;R$ / litro;PETROBRAS DISTRIBUIDORA S.A.
CO;DF;BRASILIA;AUTO POSTO JB LIMITADA;6,72E+11;GASOLINA;25/04/2019;4,477;;R$ / litro;PETROBRAS DISTRIBUIDORA S.A.
CO;DF;BRASILIA;AUTO POSTO JB LIMITADA;6,72E+11;GASOLINA;26/02/2019;4,097;3,7462;R$ / litro;PETROBRAS DISTRIBUIDORA S.A.
CO;DF;BRASILIA;AUTO POSTO JB LIMITADA;6,72E+11;GASOLINA;28/05/2019;4,397;;R$ / litro;PETROBRAS DISTRIBUIDORA S.A.
CO;DF;BRASILIA;AUTO POSTO JK LTDA;3,48E+12;DIESEL S10;11/06/2019;3,89;;R$ / litro;RAIZEN
CO;DF;BRASILIA;AUTO POSTO JK LTDA;3,48E+12;ETANOL;11/06/2019;3,059;;R$ / litro;RAIZEN
CO;DF;BRASILIA;AUTO POSTO JK LTDA;3,48E+12;GASOLINA;11/06/2019;4,199;;R$ / litro;RAIZEN
CO;DF;BRASILIA;AUTO POSTO JP DERIVADOS DE PETROLEO LTDA;4,79E+12;DIESEL;02/04/2019;3,499;3,2465;R$ / litro;BRANCA
CO;DF;BRASILIA;AUTO POSTO JP DERIVADOS DE PETROLEO LTDA;4,79E+12;DIESEL;06/06/2019;3,599;3,3433;R$ / litro;BRANCA
CO;DF;BRASILIA;AUTO POSTO JP DERIVADOS DE PETROLEO LTDA;4,79E+12;DIESEL;08/01/2019;3,499;;R$ / litro;BRANCA
CO;DF;BRASILIA;AUTO POSTO JP DERIVADOS DE PETROLEO LTDA;4,79E+12;DIESEL;09/05/2019;3,599;3,3165;R$ / litro;BRANCA
CO;DF;BRASILIA;AUTO POSTO JP DERIVADOS DE PETROLEO LTDA;4,79E+12;DIESEL;11/06/2019;3,599;3,2766;R$ / litro;BRANCA
CO;DF;BRASILIA;AUTO POSTO JP DERIVADOS DE PETROLEO LTDA;4,79E+12;DIESEL;12/02/2019;3,499;3,075;R$ / litro;BRANCA
CO;DF;BRASILIA;AUTO POSTO JP DERIVADOS DE PETROLEO LTDA;4,79E+12;DIESEL;14/05/2019;3,599;3,3197;R$ / litro;BRANCA
CO;DF;BRASILIA;AUTO POSTO JP DERIVADOS DE PETROLEO LTDA;4,79E+12;DIESEL;17/04/2019;3,499;3,2284;R$ / litro;BRANCA
CO;DF;BRASILIA;AUTO POSTO JP DERIVADOS DE PETROLEO LTDA;4,79E+12;DIESEL;18/06/2019;3,499;3,1777;R$ / litro;BRANCA
CO;DF;BRASILIA;AUTO POSTO JP DERIVADOS DE PETROLEO LTDA;4,79E+12;DIESEL;20/03/2019;3,499;3,2465;R$ / litro;BRANCA
CO;DF;BRASILIA;AUTO POSTO JP DERIVADOS DE PETROLEO LTDA;4,79E+12;DIESEL;23/05/2019;3,599;3,3367;R$ / litro;BRANCA
CO;DF;BRASILIA;AUTO POSTO JP DERIVADOS DE PETROLEO LTDA;4,79E+12;DIESEL;25/06/2019;3,499;3,16;R$ / litro;BRANCA
CO;DF;BRASILIA;AUTO POSTO JP DERIVADOS DE PETROLEO LTDA;4,79E+12;DIESEL;28/05/2019;3,599;3,3216;R$ / litro;BRANCA
CO;DF;BRASILIA;AUTO POSTO JP DERIVADOS DE PETROLEO LTDA;4,79E+12;DIESEL;29/04/2019;3,599;3,3165;R$ / litro;BRANCA
CO;DF;BRASILIA;AUTO POSTO JP DERIVADOS DE PETROLEO LTDA;4,79E+12;DIESEL S10;02/04/2019;3,599;3,3;R$ / litro;BRANCA
CO;DF;BRASILIA;AUTO POSTO JP DERIVADOS DE PETROLEO LTDA;4,79E+12;DIESEL S10;06/06/2019;3,749;3,4534;R$ / litro;BRANCA
CO;DF;BRASILIA;AUTO POSTO JP DERIVADOS DE PETROLEO LTDA;4,79E+12;DIESEL S10;08/01/2019;3,599;;R$ / litro;BRANCA
CO;DF;BRASILIA;AUTO POSTO JP DERIVADOS DE PETROLEO LTDA;4,79E+12;DIESEL S10;09/05/2019;3,749;3,4368;R$ / litro;BRANCA
CO;DF;BRASILIA;AUTO POSTO JP DERIVADOS DE PETROLEO LTDA;4,79E+12;DIESEL S10;11/06/2019;3,749;3,617;R$ / litro;BRANCA
CO;DF;BRASILIA;AUTO POSTO JP DERIVADOS DE PETROLEO LTDA;4,79E+12;DIESEL S10;12/02/2019;3,599;3,165;R$ / litro;BRANCA
CO;DF;BRASILIA;AUTO POSTO JP DERIVADOS DE PETROLEO LTDA;4,79E+12;DIESEL S10;14/05/2019;3,749;3,4899;R$ / litro;BRANCA
CO;DF;BRASILIA;AUTO POSTO JP DERIVADOS DE PETROLEO LTDA;4,79E+12;DIESEL S10;17/04/2019;3,599;3,3033;R$ / litro;BRANCA
CO;DF;BRASILIA;AUTO POSTO JP DERIVADOS DE PETROLEO LTDA;4,79E+12;DIESEL S10;18/06/2019;3,599;3,31;R$ / litro;BRANCA
CO;DF;BRASILIA;AUTO POSTO JP DERIVADOS DE PETROLEO LTDA;4,79E+12;DIESEL S10;20/03/2019;3,599;3,3;R$ / litro;BRANCA
CO;DF;BRASILIA;AUTO POSTO JP DERIVADOS DE PETROLEO LTDA;4,79E+12;DIESEL S10;23/05/2019;3,749;3,4268;R$ / litro;BRANCA
CO;DF;BRASILIA;AUTO POSTO JP DERIVADOS DE PETROLEO LTDA;4,79E+12;DIESEL S10;25/06/2019;3,599;3,3015;R$ / litro;BRANCA
CO;DF;BRASILIA;AUTO POSTO JP DERIVADOS DE PETROLEO LTDA;4,79E+12;DIESEL S10;28/05/2019;3,749;3,4434;R$ / litro;BRANCA
CO;DF;BRASILIA;AUTO POSTO JP DERIVADOS DE PETROLEO LTDA;4,79E+12;DIESEL S10;29/04/2019;3,699;3,4368;R$ / litro;BRANCA
CO;DF;BRASILIA;AUTO POSTO JP DERIVADOS DE PETROLEO LTDA;4,79E+12;ETANOL;02/04/2019;3,297;2,92;R$ / litro;BRANCA
CO;DF;BRASILIA;AUTO POSTO JP DERIVADOS DE PETROLEO LTDA;4,79E+12;ETANOL;06/06/2019;3,277;2,78;R$ / litro;BRANCA
CO;DF;BRASILIA;AUTO POSTO JP DERIVADOS DE PETROLEO LTDA;4,79E+12;ETANOL;08/01/2019;3,199;;R$ / litro;BRANCA
CO;DF;BRASILIA;AUTO POSTO JP DERIVADOS DE PETROLEO LTDA;4,79E+12;ETANOL;09/05/2019;3,377;2,86;R$ / litro;BRANCA
CO;DF;BRASILIA;AUTO POSTO JP DERIVADOS DE PETROLEO LTDA;4,79E+12;ETANOL;11/06/2019;3,277;2,765;R$ / litro;BRANCA
CO;DF;BRASILIA;AUTO POSTO JP DERIVADOS DE PETROLEO LTDA;4,79E+12;ETANOL;12/02/2019;2,999;2,1603;R$ / litro;BRANCA
CO;DF;BRASILIA;AUTO POSTO JP DERIVADOS DE PETROLEO LTDA;4,79E+12;ETANOL;14/05/2019;3,377;2,3253;R$ / litro;BRANCA
CO;DF;BRASILIA;AUTO POSTO JP DERIVADOS DE PETROLEO LTDA;4,79E+12;ETANOL;17/04/2019;3,297;3,0249;R$ / litro;BRANCA
CO;DF;BRASILIA;AUTO POSTO JP DERIVADOS DE PETROLEO LTDA;4,79E+12;ETANOL;18/06/2019;2,997;2,74;R$ / litro;BRANCA
CO;DF;BRASILIA;AUTO POSTO JP DERIVADOS DE PETROLEO LTDA;4,79E+12;ETANOL;20/03/2019;3,297;2,92;R$ / litro;BRANCA
CO;DF;BRASILIA;AUTO POSTO JP DERIVADOS DE PETROLEO LTDA;4,79E+12;ETANOL;23/05/2019;3,277;2,89;R$ / litro;BRANCA
CO;DF;BRASILIA;AUTO POSTO JP DERIVADOS DE PETROLEO LTDA;4,79E+12;ETANOL;25/06/2019;3,097;2,76;R$ / litro;BRANCA
CO;DF;BRASILIA;AUTO POSTO JP DERIVADOS DE PETROLEO LTDA;4,79E+12;ETANOL;28/05/2019;3,277;2,85;R$ / litro;BRANCA
CO;DF;BRASILIA;AUTO POSTO JP DERIVADOS DE PETROLEO LTDA;4,79E+12;ETANOL;29/04/2019;3,297;3,02;R$ / litro;BRANCA
CO;DF;BRASILIA;AUTO POSTO JP DERIVADOS DE PETROLEO LTDA;4,79E+12;GASOLINA;02/04/2019;4,297;3,8096;R$ / litro;BRANCA
CO;DF;BRASILIA;AUTO POSTO JP DERIVADOS DE PETROLEO LTDA;4,79E+12;GASOLINA;06/06/2019;4,277;3,99;R$ / litro;BRANCA
CO;DF;BRASILIA;AUTO POSTO JP DERIVADOS DE PETROLEO LTDA;4,79E+12;GASOLINA;08/01/2019;3,957;;R$ / litro;BRANCA
CO;DF;BRASILIA;AUTO POSTO JP DERIVADOS DE PETROLEO LTDA;4,79E+12;GASOLINA;09/05/2019;4,447;4,065;R$ / litro;BRANCA
CO;DF;BRASILIA;AUTO POSTO JP DERIVADOS DE PETROLEO LTDA;4,79E+12;GASOLINA;11/06/2019;4,197;3,925;R$ / litro;BRANCA
CO;DF;BRASILIA;AUTO POSTO JP DERIVADOS DE PETROLEO LTDA;4,79E+12;GASOLINA;12/02/2019;3,947;3,55;R$ / litro;BRANCA
CO;DF;BRASILIA;AUTO POSTO JP DERIVADOS DE PETROLEO LTDA;4,79E+12;GASOLINA;14/05/2019;4,447;4,2227;R$ / litro;BRANCA
CO;DF;BRASILIA;AUTO POSTO JP DERIVADOS DE PETROLEO LTDA;4,79E+12;GASOLINA;17/04/2019;4,387;3,9799;R$ / litro;BRANCA
CO;DF;BRASILIA;AUTO POSTO JP DERIVADOS DE PETROLEO LTDA;4,79E+12;GASOLINA;18/06/2019;4,197;3,875;R$ / litro;BRANCA
CO;DF;BRASILIA;AUTO POSTO JP DERIVADOS DE PETROLEO LTDA;4,79E+12;GASOLINA;20/03/2019;4,297;3,8096;R$ / litro;BRANCA
CO;DF;BRASILIA;AUTO POSTO JP DERIVADOS DE PETROLEO LTDA;4,79E+12;GASOLINA;23/05/2019;4,397;4,07;R$ / litro;BRANCA
CO;DF;BRASILIA;AUTO POSTO JP DERIVADOS DE PETROLEO LTDA;4,79E+12;GASOLINA;25/06/2019;4,387;3,8905;R$ / litro;BRANCA
CO;DF;BRASILIA;AUTO POSTO JP DERIVADOS DE PETROLEO LTDA;4,79E+12;GASOLINA;28/05/2019;4,397;4,075;R$ / litro;BRANCA
CO;DF;BRASILIA;AUTO POSTO JP DERIVADOS DE PETROLEO LTDA;4,79E+12;GASOLINA;29/04/2019;4,377;4,1381;R$ / litro;BRANCA
CO;DF;BRASILIA;AUTO POSTO LAZZAT LTDA;3,69E+12;DIESEL;01/04/2019;3,799;3,4304;R$ / litro;BRANCA
CO;DF;BRASILIA;AUTO POSTO LAZZAT LTDA;3,69E+12;DIESEL;02/01/2019;3,799;;R$ / litro;BRANCA
CO;DF;BRASILIA;AUTO POSTO LAZZAT LTDA;3,69E+12;DIESEL;05/06/2019;3,699;;R$ / litro;BRANCA
CO;DF;BRASILIA;AUTO POSTO LAZZAT LTDA;3,69E+12;DIESEL;07/05/2019;3,799;;R$ / litro;BRANCA
CO;DF;BRASILIA;AUTO POSTO LAZZAT LTDA;3,69E+12;DIESEL;11/04/2019;3,899;;R$ / litro;BRANCA
CO;DF;BRASILIA;AUTO POSTO LAZZAT LTDA;3,69E+12;DIESEL;11/06/2019;3,649;;R$ / litro;BRANCA
CO;DF;BRASILIA;AUTO POSTO LAZZAT LTDA;3,69E+12;DIESEL;14/05/2019;3,799;;R$ / litro;BRANCA
CO;DF;BRASILIA;AUTO POSTO LAZZAT LTDA;3,69E+12;DIESEL;17/04/2019;3,799;;R$ / litro;BRANCA
CO;DF;BRASILIA;AUTO POSTO LAZZAT LTDA;3,69E+12;DIESEL;18/06/2019;3,699;;R$ / litro;BRANCA
CO;DF;BRASILIA;AUTO POSTO LAZZAT LTDA;3,69E+12;DIESEL;20/03/2019;3,799;3,4512;R$ / litro;BRANCA
CO;DF;BRASILIA;AUTO POSTO LAZZAT LTDA;3,69E+12;DIESEL;23/05/2019;3,699;;R$ / litro;BRANCA
CO;DF;BRASILIA;AUTO POSTO LAZZAT LTDA;3,69E+12;DIESEL;25/06/2019;3,899;3,5209;R$ / litro;BRANCA
CO;DF;BRASILIA;AUTO POSTO LAZZAT LTDA;3,69E+12;DIESEL;26/02/2019;3,899;;R$ / litro;BRANCA
CO;DF;BRASILIA;AUTO POSTO LAZZAT LTDA;3,69E+12;DIESEL;28/05/2019;3,699;;R$ / litro;BRANCA
CO;DF;BRASILIA;AUTO POSTO LAZZAT LTDA;3,69E+12;DIESEL;29/01/2019;3,899;;R$ / litro;BRANCA
CO;DF;BRASILIA;AUTO POSTO LAZZAT LTDA;3,69E+12;DIESEL;29/04/2019;3,799;;R$ / litro;BRANCA
CO;DF;BRASILIA;AUTO POSTO LAZZAT LTDA;3,69E+12;DIESEL S10;02/01/2019;3,899;;R$ / litro;BRANCA
CO;DF;BRASILIA;AUTO POSTO LAZZAT LTDA;3,69E+12;DIESEL S10;11/04/2019;3,999;;R$ / litro;BRANCA
CO;DF;BRASILIA;AUTO POSTO LAZZAT LTDA;3,69E+12;DIESEL S10;26/02/2019;3,999;;R$ / litro;BRANCA
CO;DF;BRASILIA;AUTO POSTO LAZZAT LTDA;3,69E+12;DIESEL S10;29/01/2019;3,999;;R$ / litro;BRANCA
CO;DF;BRASILIA;AUTO POSTO LAZZAT LTDA;3,69E+12;ETANOL;01/04/2019;3,259;3,0092;R$ / litro;BRANCA
CO;DF;BRASILIA;AUTO POSTO LAZZAT LTDA;3,69E+12;ETANOL;05/06/2019;3,359;;R$ / litro;BRANCA
CO;DF;BRASILIA;AUTO POSTO LAZZAT LTDA;3,69E+12;ETANOL;07/05/2019;3,259;;R$ / litro;BRANCA
CO;DF;BRASILIA;AUTO POSTO LAZZAT LTDA;3,69E+12;ETANOL;11/06/2019;3,359;;R$ / litro;BRANCA
CO;DF;BRASILIA;AUTO POSTO LAZZAT LTDA;3,69E+12;ETANOL;14/05/2019;3,399;;R$ / litro;BRANCA
CO;DF;BRASILIA;AUTO POSTO LAZZAT LTDA;3,69E+12;ETANOL;17/04/2019;3,259;;R$ / litro;BRANCA
CO;DF;BRASILIA;AUTO POSTO LAZZAT LTDA;3,69E+12;ETANOL;18/06/2019;3,259;;R$ / litro;BRANCA
CO;DF;BRASILIA;AUTO POSTO LAZZAT LTDA;3,69E+12;ETANOL;20/03/2019;3,259;3,1191;R$ / litro;BRANCA
CO;DF;BRASILIA;AUTO POSTO LAZZAT LTDA;3,69E+12;ETANOL;23/05/2019;3,359;;R$ / litro;BRANCA
CO;DF;BRASILIA;AUTO POSTO LAZZAT LTDA;3,69E+12;ETANOL;25/06/2019;3,289;2,7843;R$ / litro;BRANCA
CO;DF;BRASILIA;AUTO POSTO LAZZAT LTDA;3,69E+12;ETANOL;28/05/2019;3,359;;R$ / litro;BRANCA
CO;DF;BRASILIA;AUTO POSTO LAZZAT LTDA;3,69E+12;ETANOL;29/04/2019;3,259;;R$ / litro;BRANCA
CO;DF;BRASILIA;AUTO POSTO LAZZAT LTDA;3,69E+12;GASOLINA;01/04/2019;4,459;3,8805;R$ / litro;BRANCA
CO;DF;BRASILIA;AUTO POSTO LAZZAT LTDA;3,69E+12;GASOLINA;02/01/2019;4,399;;R$ / litro;BRANCA
CO;DF;BRASILIA;AUTO POSTO LAZZAT LTDA;3,69E+12;GASOLINA;05/06/2019;4,349;;R$ / litro;BRANCA
CO;DF;BRASILIA;AUTO POSTO LAZZAT LTDA;3,69E+12;GASOLINA;07/05/2019;4,349;;R$ / litro;BRANCA
CO;DF;BRASILIA;AUTO POSTO LAZZAT LTDA;3,69E+12;GASOLINA;11/04/2019;4,389;;R$ / litro;BRANCA
CO;DF;BRASILIA;AUTO POSTO LAZZAT LTDA;3,69E+12;GASOLINA;11/06/2019;4,349;;R$ / litro;BRANCA
CO;DF;BRASILIA;AUTO POSTO LAZZAT LTDA;3,69E+12;GASOLINA;14/05/2019;4,499;;R$ / litro;BRANCA
CO;DF;BRASILIA;AUTO POSTO LAZZAT LTDA;3,69E+12;GASOLINA;17/04/2019;4,349;;R$ / litro;BRANCA
CO;DF;BRASILIA;AUTO POSTO LAZZAT LTDA;3,69E+12;GASOLINA;18/06/2019;4,349;;R$ / litro;BRANCA
CO;DF;BRASILIA;AUTO POSTO LAZZAT LTDA;3,69E+12;GASOLINA;20/03/2019;4,249;3,9013;R$ / litro;BRANCA
CO;DF;BRASILIA;AUTO POSTO LAZZAT LTDA;3,69E+12;GASOLINA;23/05/2019;4,349;;R$ / litro;BRANCA
CO;DF;BRASILIA;AUTO POSTO LAZZAT LTDA;3,69E+12;GASOLINA;25/06/2019;4,449;3,8;R$ / litro;BRANCA
CO;DF;BRASILIA;AUTO POSTO LAZZAT LTDA;3,69E+12;GASOLINA;26/02/2019;3,999;;R$ / litro;BRANCA
